ts_utc,day_ahead_usd_mwh,realtime_usd_mwh
2026-09-15 05:00:00+00:00,26.77,25.3
2026-09-15 06:00:00+00:00,24.5175,24.180625
2026-09-15 07:00:00+00:00,23.0925,23.27
2026-09-15 08:00:00+00:00,23.2875,24.2275
2026-09-15 09:00:00+00:00,23.2775,23.6025
2026-09-15 10:00:00+00:00,24.3975,30.36
2026-09-15 11:00:00+00:00,26.16,32.81
2026-09-15 12:00:00+00:00,25.75,33.370000000000005
2026-09-15 13:00:00+00:00,18.6425,19.634375
2026-09-15 14:00:00+00:00,16.177500000000002,13.38125
2026-09-15 15:00:00+00:00,16.805,11.280625
2026-09-15 16:00:00+00:00,18.72,14.509375000000002
2026-09-15 17:00:00+00:00,21.875,19.146875
2026-09-15 18:00:00+00:00,23.6125,32.015625
2026-09-15 19:00:00+00:00,26.205,33.81125
2026-09-15 20:00:00+00:00,26.935,32.213125
2026-09-15 21:00:00+00:00,27.965,24.775624999999998
2026-09-15 22:00:00+00:00,28.9825,30.339375
2026-09-15 23:00:00+00:00,44.36,58.696875
2026-09-16 00:00:00+00:00,58.515,53.113125
2026-09-16 01:00:00+00:00,53.1275,50.294375
2026-09-16 02:00:00+00:00,51.925,44.189375
2026-09-16 03:00:00+00:00,44.445,43.3475
2026-09-16 04:00:00+00:00,40.0,36.9025
2026-09-16 05:00:00+00:00,34.5725,41.5375
2026-09-16 06:00:00+00:00,31.4825,39.2525
2026-09-16 07:00:00+00:00,31.1225,51.81875
2026-09-16 08:00:00+00:00,30.72,46.14875
2026-09-16 09:00:00+00:00,32.145,51.798125
2026-09-16 10:00:00+00:00,38.395,60.61125
2026-09-16 11:00:00+00:00,40.0225,70.594375
2026-09-16 12:00:00+00:00,36.21,60.4225
2026-09-16 13:00:00+00:00,26.9025,31.2075
2026-09-16 14:00:00+00:00,23.29,27.70625
2026-09-16 15:00:00+00:00,23.535,30.280625
2026-09-16 16:00:00+00:00,23.68,33.209375
2026-09-16 17:00:00+00:00,25.96,38.64375
2026-09-16 18:00:00+00:00,30.0075,41.891875
2026-09-16 19:00:00+00:00,31.2125,47.4275
2026-09-16 20:00:00+00:00,34.635,55.317499999999995
2026-09-16 21:00:00+00:00,35.5725,69.86937499999999
2026-09-16 22:00:00+00:00,38.8725,57.795
2026-09-16 23:00:00+00:00,59.440000000000005,219.71625
2026-09-17 00:00:00+00:00,68.9175,331.3025
2026-09-17 01:00:00+00:00,68.435,287.789375
2026-09-17 02:00:00+00:00,58.7725,79.39125
2026-09-17 03:00:00+00:00,46.7475,47.9525
2026-09-17 04:00:00+00:00,37.7275,37.0025
2026-09-17 05:00:00+00:00,35.52,33.940625
2026-09-17 06:00:00+00:00,33.7275,32.3275
2026-09-17 07:00:00+00:00,34.8025,30.916875
2026-09-17 08:00:00+00:00,33.68,29.418125
2026-09-17 09:00:00+00:00,35.3525,30.921875
2026-09-17 10:00:00+00:00,38.1,34.585
2026-09-17 11:00:00+00:00,42.605,39.436875
2026-09-17 12:00:00+00:00,42.1775,39.79625
2026-09-17 13:00:00+00:00,31.955,32.439375
2026-09-17 14:00:00+00:00,27.465,25.408749999999998
2026-09-17 15:00:00+00:00,27.155,23.883125
2026-09-17 16:00:00+00:00,29.1975,31.426875
2026-09-17 17:00:00+00:00,34.26,43.01125
2026-09-17 18:00:00+00:00,42.7,52.3875
2026-09-17 19:00:00+00:00,43.4925,51.293125
2026-09-17 20:00:00+00:00,47.682500000000005,61.889375
2026-09-17 21:00:00+00:00,50.8775,78.53375
2026-09-17 22:00:00+00:00,53.635000000000005,76.063125
2026-09-17 23:00:00+00:00,67.14,174.109375
2026-09-18 00:00:00+00:00,70.13250000000001,145.65750000000003
2026-09-18 01:00:00+00:00,69.83,71.47125
2026-09-18 02:00:00+00:00,56.7175,49.8575
2026-09-18 03:00:00+00:00,45.6,39.873125
2026-09-18 04:00:00+00:00,37.5675,34.731875
2026-09-18 05:00:00+00:00,34.605,32.57
2026-09-18 06:00:00+00:00,32.185,33.435
2026-09-18 07:00:00+00:00,30.935,30.715625
2026-09-18 08:00:00+00:00,29.8775,29.264375
2026-09-18 09:00:00+00:00,30.6225,28.994374999999998
2026-09-18 10:00:00+00:00,34.6975,35.843125
2026-09-18 11:00:00+00:00,41.29,36.08
2026-09-18 12:00:00+00:00,40.8925,38.878125
2026-09-18 13:00:00+00:00,26.9625,28.823124999999997
2026-09-18 14:00:00+00:00,23.415,23.935625
2026-09-18 15:00:00+00:00,23.315,23.691875
2026-09-18 16:00:00+00:00,26.365,28.030625
2026-09-18 17:00:00+00:00,29.5525,30.928125
2026-09-18 18:00:00+00:00,35.935,31.792499999999997
2026-09-18 19:00:00+00:00,38.5375,31.26875
2026-09-18 20:00:00+00:00,39.2825,35.103125
2026-09-18 21:00:00+00:00,40.8225,34.70875
2026-09-18 22:00:00+00:00,45.31,40.18125
2026-09-18 23:00:00+00:00,79.24,54.528125
2026-09-19 00:00:00+00:00,86.6075,42.438125
2026-09-19 01:00:00+00:00,73.6525,36.4125
2026-09-19 02:00:00+00:00,55.865,31.668750000000003
2026-09-19 03:00:00+00:00,41.2425,28.825
2026-09-19 04:00:00+00:00,32.265,24.8775
2026-09-19 05:00:00+00:00,34.4675,23.168750000000003
2026-09-19 06:00:00+00:00,29.115,22.989375
2026-09-19 07:00:00+00:00,27.15,22.4275
2026-09-19 08:00:00+00:00,26.49,22.18375
2026-09-19 09:00:00+00:00,26.7725,23.2375
2026-09-19 10:00:00+00:00,29.2675,27.111250000000002
2026-09-19 11:00:00+00:00,31.14,26.635625
2026-09-19 12:00:00+00:00,30.7375,24.91
2026-09-19 13:00:00+00:00,23.35,18.4625
2026-09-19 14:00:00+00:00,20.0775,13.966875
2026-09-19 15:00:00+00:00,21.07,13.276875
2026-09-19 16:00:00+00:00,24.4825,16.371875000000003
2026-09-19 17:00:00+00:00,29.8325,21.463124999999998
2026-09-19 18:00:00+00:00,35.775,28.179375
2026-09-19 19:00:00+00:00,38.665,31.591875
2026-09-19 20:00:00+00:00,43.285,44.25875
2026-09-19 21:00:00+00:00,46.605,61.035624999999996
2026-09-19 22:00:00+00:00,62.0325,68.964375
2026-09-19 23:00:00+00:00,93.8525,76.675625
2026-09-20 00:00:00+00:00,97.325,49.99875
2026-09-20 01:00:00+00:00,72.02250000000001,38.53625
2026-09-20 02:00:00+00:00,59.2475,37.443125
2026-09-20 03:00:00+00:00,43.905,35.349375
2026-09-20 04:00:00+00:00,36.1475,33.728125
2026-09-20 05:00:00+00:00,36.175,30.8725
2026-09-20 06:00:00+00:00,32.95,28.561875
2026-09-20 07:00:00+00:00,32.0525,31.280625
2026-09-20 08:00:00+00:00,31.2825,30.6975
2026-09-20 09:00:00+00:00,30.06,30.72
2026-09-20 10:00:00+00:00,29.77,30.775625
2026-09-20 11:00:00+00:00,30.8775,26.969375
2026-09-20 12:00:00+00:00,30.762500000000003,29.18125
2026-09-20 13:00:00+00:00,25.295,25.585
2026-09-20 14:00:00+00:00,23.51,22.529375
2026-09-20 15:00:00+00:00,24.3975,21.31625
2026-09-20 16:00:00+00:00,27.0375,20.295
2026-09-20 17:00:00+00:00,33.475,28.536875000000002
2026-09-20 18:00:00+00:00,42.655,33.13375
2026-09-20 19:00:00+00:00,48.455,39.069375
2026-09-20 20:00:00+00:00,57.945,46.136250000000004
2026-09-20 21:00:00+00:00,60.7275,45.488125000000004
2026-09-20 22:00:00+00:00,77.845,83.628125
2026-09-20 23:00:00+00:00,109.8075,93.38624999999999
2026-09-21 00:00:00+00:00,116.3525,90.55250000000001
2026-09-21 01:00:00+00:00,101.4725,60.643125
2026-09-21 02:00:00+00:00,97.3625,43.785
2026-09-21 03:00:00+00:00,74.0375,34.65375
2026-09-21 04:00:00+00:00,46.5325,29.724375000000002
2026-09-21 05:00:00+00:00,41.2175,29.271875
2026-09-21 06:00:00+00:00,39.5375,27.281875
2026-09-21 07:00:00+00:00,40.825,26.59625
2026-09-21 08:00:00+00:00,41.615,26.175
2026-09-21 09:00:00+00:00,42.8,28.703125
2026-09-21 10:00:00+00:00,50.9575,32.485
2026-09-21 11:00:00+00:00,58.7875,35.153124999999996
2026-09-21 12:00:00+00:00,50.9625,35.878125
2026-09-21 13:00:00+00:00,38.2975,25.99375
2026-09-21 14:00:00+00:00,30.01,23.089375
2026-09-21 15:00:00+00:00,28.945,25.520625
2026-09-21 16:00:00+00:00,31.832500000000003,29.586875
2026-09-21 17:00:00+00:00,36.24,38.230000000000004
2026-09-21 18:00:00+00:00,46.1525,51.353125000000006
2026-09-21 19:00:00+00:00,47.455,45.498125
2026-09-21 20:00:00+00:00,55.8175,37.86125
2026-09-21 21:00:00+00:00,63.7075,47.93375
2026-09-21 22:00:00+00:00,65.7425,52.451875
2026-09-21 23:00:00+00:00,98.8075,89.3525
2026-09-22 00:00:00+00:00,114.04,59.015625
2026-09-22 01:00:00+00:00,110.2075,49.14875
2026-09-22 02:00:00+00:00,106.89,42.535
2026-09-22 03:00:00+00:00,90.51,41.428125
2026-09-22 04:00:00+00:00,62.775,40.165625
2026-09-22 05:00:00+00:00,40.72,39.0925
2026-09-22 06:00:00+00:00,37.57,39.4375
2026-09-22 07:00:00+00:00,36.925,41.78
2026-09-22 08:00:00+00:00,36.5475,39.352500000000006
2026-09-22 09:00:00+00:00,36.2075,36.619375
2026-09-22 10:00:00+00:00,40.085,39.170625
2026-09-22 11:00:00+00:00,43.935,37.875625
2026-09-22 12:00:00+00:00,42.76,40.543125
2026-09-22 13:00:00+00:00,29.0725,25.304375
2026-09-22 14:00:00+00:00,25.9,23.416874999999997
2026-09-22 15:00:00+00:00,27.27,23.5475
2026-09-22 16:00:00+00:00,29.745,23.8275
2026-09-22 17:00:00+00:00,33.57,33.958749999999995
2026-09-22 18:00:00+00:00,39.7675,34.678124999999994
2026-09-22 19:00:00+00:00,42.6425,34.538125
2026-09-22 20:00:00+00:00,46.4725,37.151875
2026-09-22 21:00:00+00:00,52.2625,30.553125
2026-09-22 22:00:00+00:00,63.62,41.166250000000005
2026-09-22 23:00:00+00:00,97.935,51.56375
2026-09-23 00:00:00+00:00,97.6275,54.113125000000004
2026-09-23 01:00:00+00:00,93.515,119.639375
2026-09-23 02:00:00+00:00,81.275,125.18125
2026-09-23 03:00:00+00:00,60.2025,125.07374999999999
2026-09-23 04:00:00+00:00,43.4375,91.449375
2026-09-23 05:00:00+00:00,37.8975,50.99625
2026-09-23 06:00:00+00:00,35.755,40.5375
2026-09-23 07:00:00+00:00,33.235,33.708125
2026-09-23 08:00:00+00:00,32.5025,32.840625
2026-09-23 09:00:00+00:00,33.035,30.514375
2026-09-23 10:00:00+00:00,37.3,37.339999999999996
2026-09-23 11:00:00+00:00,41.0325,44.7575
2026-09-23 12:00:00+00:00,38.1225,44.042500000000004
2026-09-23 13:00:00+00:00,30.567500000000003,20.980625
2026-09-23 14:00:00+00:00,29.1475,30.141875
2026-09-23 15:00:00+00:00,28.0575,35.040625
2026-09-23 16:00:00+00:00,28.905,31.1325
2026-09-23 17:00:00+00:00,30.442500000000003,30.17625
2026-09-23 18:00:00+00:00,35.7725,31.626875
2026-09-23 19:00:00+00:00,39.955,31.681250000000002
2026-09-23 20:00:00+00:00,41.8125,40.366875
2026-09-23 21:00:00+00:00,46.25,44.819375
2026-09-23 22:00:00+00:00,59.7225,72.420625
2026-09-23 23:00:00+00:00,87.2425,69.686875
2026-09-24 00:00:00+00:00,89.0975,61.31625
2026-09-24 01:00:00+00:00,80.69749999999999,48.973124999999996
2026-09-24 02:00:00+00:00,64.73750000000001,43.41
2026-09-24 03:00:00+00:00,44.7925,39.726875
2026-09-24 04:00:00+00:00,35.9725,33.756875
2026-09-24 05:00:00+00:00,35.785,31.29
2026-09-24 06:00:00+00:00,32.4,28.22625
2026-09-24 07:00:00+00:00,31.315,25.83125
2026-09-24 08:00:00+00:00,31.2675,25.166875
2026-09-24 09:00:00+00:00,31.8,25.285
2026-09-24 10:00:00+00:00,35.905,27.998125
2026-09-24 11:00:00+00:00,36.39,34.494375000000005
2026-09-24 12:00:00+00:00,35.795,35.59625
2026-09-24 13:00:00+00:00,30.0725,25.1825
2026-09-24 14:00:00+00:00,26.56,19.97125
2026-09-24 15:00:00+00:00,25.05,18.91
2026-09-24 16:00:00+00:00,25.832500000000003,20.103125
2026-09-24 17:00:00+00:00,28.76,24.8175
2026-09-24 18:00:00+00:00,33.2475,29.26375
2026-09-24 19:00:00+00:00,38.11,47.94875
2026-09-24 20:00:00+00:00,42.5225,64.350625
2026-09-24 21:00:00+00:00,45.0225,64.488125
2026-09-24 22:00:00+00:00,58.715,68.27374999999999
2026-09-24 23:00:00+00:00,87.84,66.18875
2026-09-25 00:00:00+00:00,85.6375,61.430625
2026-09-25 01:00:00+00:00,84.605,51.07
2026-09-25 02:00:00+00:00,71.3325,49.39875
2026-09-25 03:00:00+00:00,50.2975,41.98125
2026-09-25 04:00:00+00:00,39.1725,35.88125
2026-09-25 05:00:00+00:00,32.29,40.518750000000004
2026-09-25 06:00:00+00:00,30.4075,34.425625
2026-09-25 07:00:00+00:00,29.515,31.09125
2026-09-25 08:00:00+00:00,27.7175,31.908749999999998
2026-09-25 09:00:00+00:00,27.9475,30.42875
2026-09-25 10:00:00+00:00,31.97,39.466875
2026-09-25 11:00:00+00:00,35.552499999999995,41.246249999999996
2026-09-25 12:00:00+00:00,35.805,41.71875
2026-09-25 13:00:00+00:00,26.83,25.45375
2026-09-25 14:00:00+00:00,24.0,21.270625
2026-09-25 15:00:00+00:00,23.1725,20.175625
2026-09-25 16:00:00+00:00,23.725,20.29625
2026-09-25 17:00:00+00:00,26.5375,23.096875
2026-09-25 18:00:00+00:00,29.91,24.745
2026-09-25 19:00:00+00:00,33.06,31.555000000000003
2026-09-25 20:00:00+00:00,36.8325,33.5475
2026-09-25 21:00:00+00:00,39.92,43.024375
2026-09-25 22:00:00+00:00,45.7175,52.034375
2026-09-25 23:00:00+00:00,64.66,53.436875
2026-09-26 00:00:00+00:00,65.33,50.573750000000004
2026-09-26 01:00:00+00:00,52.807500000000005,44.2
2026-09-26 02:00:00+00:00,45.845,44.991875
2026-09-26 03:00:00+00:00,39.285,38.515625
2026-09-26 04:00:00+00:00,33.7425,29.45375
2026-09-26 05:00:00+00:00,31.51,29.817500000000003
2026-09-26 06:00:00+00:00,28.405,28.12375
2026-09-26 07:00:00+00:00,26.6075,25.546875
2026-09-26 08:00:00+00:00,25.85,22.50625
2026-09-26 09:00:00+00:00,25.375,21.71125
2026-09-26 10:00:00+00:00,26.5375,21.735
2026-09-26 11:00:00+00:00,28.1075,22.884375000000002
2026-09-26 12:00:00+00:00,28.52,23.9825
2026-09-26 13:00:00+00:00,23.275,19.94375
2026-09-26 14:00:00+00:00,20.64,17.525
2026-09-26 15:00:00+00:00,19.13,16.449375
2026-09-26 16:00:00+00:00,21.32,15.09375
2026-09-26 17:00:00+00:00,24.5725,17.5775
2026-09-26 18:00:00+00:00,29.5,23.81125
2026-09-26 19:00:00+00:00,31.705,30.659375
2026-09-26 20:00:00+00:00,35.515,36.73375
2026-09-26 21:00:00+00:00,37.9675,34.8525
2026-09-26 22:00:00+00:00,46.855,36.057500000000005
2026-09-26 23:00:00+00:00,62.49,39.455
2026-09-27 00:00:00+00:00,62.475,38.799375
2026-09-27 01:00:00+00:00,52.885000000000005,35.383125
2026-09-27 02:00:00+00:00,44.74,32.290625
2026-09-27 03:00:00+00:00,37.85,32.44125
2026-09-27 04:00:00+00:00,33.11,29.931875
2026-09-27 05:00:00+00:00,32.3175,28.454375
2026-09-27 06:00:00+00:00,30.2425,27.0125
2026-09-27 07:00:00+00:00,28.4825,24.53
2026-09-27 08:00:00+00:00,25.445,24.45
2026-09-27 09:00:00+00:00,25.6425,24.474375000000002
2026-09-27 10:00:00+00:00,26.375,25.229375
2026-09-27 11:00:00+00:00,28.605,27.125
2026-09-27 12:00:00+00:00,30.130000000000003,27.304375
2026-09-27 13:00:00+00:00,22.315,21.94375
2026-09-27 14:00:00+00:00,19.4975,21.784375
2026-09-27 15:00:00+00:00,21.2075,22.729375
2026-09-27 16:00:00+00:00,23.935,22.58125
2026-09-27 17:00:00+00:00,29.86,28.145625
2026-09-27 18:00:00+00:00,35.99,34.87625
2026-09-27 19:00:00+00:00,40.57,44.469375
2026-09-27 20:00:00+00:00,46.555,53.323125
2026-09-27 21:00:00+00:00,53.035,86.06812500000001
2026-09-27 22:00:00+00:00,70.8275,92.894375
2026-09-27 23:00:00+00:00,101.9575,71.988125
2026-09-28 00:00:00+00:00,102.4625,81.298125
2026-09-28 01:00:00+00:00,95.615,69.16062500000001
2026-09-28 02:00:00+00:00,90.0,64.651875
2026-09-28 03:00:00+00:00,54.3375,48.47125
2026-09-28 04:00:00+00:00,37.4825,45.619375
2026-09-28 05:00:00+00:00,42.69,45.655
2026-09-28 06:00:00+00:00,39.1,47.0675
2026-09-28 07:00:00+00:00,37.34,52.374375
2026-09-28 08:00:00+00:00,36.43,43.051249999999996
2026-09-28 09:00:00+00:00,38.265,41.805
2026-09-28 10:00:00+00:00,42.715,43.24875
2026-09-28 11:00:00+00:00,43.485,47.838750000000005
2026-09-28 12:00:00+00:00,43.375,50.800625
2026-09-28 13:00:00+00:00,29.6625,34.2575
2026-09-28 14:00:00+00:00,24.9275,29.4675
2026-09-28 15:00:00+00:00,25.5525,32.64375
2026-09-28 16:00:00+00:00,28.1925,37.02625
2026-09-28 17:00:00+00:00,34.745,33.846875
2026-09-28 18:00:00+00:00,39.02,30.2275
2026-09-28 19:00:00+00:00,41.675,32.966875
2026-09-28 20:00:00+00:00,42.6375,47.955
2026-09-28 21:00:00+00:00,50.815,46.874375
2026-09-28 22:00:00+00:00,63.3825,39.549375
2026-09-28 23:00:00+00:00,77.14,40.315625
2026-09-29 00:00:00+00:00,71.705,36.576875
2026-09-29 01:00:00+00:00,59.2175,36.414375
2026-09-29 02:00:00+00:00,42.0,33.855625
2026-09-29 03:00:00+00:00,33.485,27.326249999999998
2026-09-29 04:00:00+00:00,27.605,23.159375
2026-09-29 05:00:00+00:00,26.35,21.58625
2026-09-29 06:00:00+00:00,24.7625,20.46625
2026-09-29 07:00:00+00:00,23.0,20.13
2026-09-29 08:00:00+00:00,22.52,20.93625
2026-09-29 09:00:00+00:00,22.945,21.92
2026-09-29 10:00:00+00:00,24.785,26.059375
2026-09-29 11:00:00+00:00,27.1425,36.891875
2026-09-29 12:00:00+00:00,27.075,42.93875
2026-09-29 13:00:00+00:00,23.6425,29.0275
2026-09-29 14:00:00+00:00,22.9275,24.003125
2026-09-29 15:00:00+00:00,21.2925,21.9125
2026-09-29 16:00:00+00:00,22.55,24.10625
2026-09-29 17:00:00+00:00,23.2625,23.1725
2026-09-29 18:00:00+00:00,23.035,25.22125
2026-09-29 19:00:00+00:00,25.5225,27.463749999999997
2026-09-29 20:00:00+00:00,26.8325,29.773125
2026-09-29 21:00:00+00:00,27.3025,42.341875
2026-09-29 22:00:00+00:00,32.6325,45.575625
2026-09-29 23:00:00+00:00,38.75,51.131875
2026-09-30 00:00:00+00:00,41.485,68.42625000000001
2026-09-30 01:00:00+00:00,43.5975,63.02375
2026-09-30 02:00:00+00:00,37.55,36.901250000000005
2026-09-30 03:00:00+00:00,28.635,27.494375
2026-09-30 04:00:00+00:00,24.86,25.304375
2026-09-30 05:00:00+00:00,26.77,23.221875
2026-09-30 06:00:00+00:00,24.665,20.916249999999998
2026-09-30 07:00:00+00:00,23.04,20.769375
2026-09-30 08:00:00+00:00,23.435,19.916875
2026-09-30 09:00:00+00:00,24.47,18.183125
2026-09-30 10:00:00+00:00,26.3075,22.497500000000002
2026-09-30 11:00:00+00:00,28.1025,29.41
2026-09-30 12:00:00+00:00,28.9225,25.195625
2026-09-30 13:00:00+00:00,24.8825,17.951875
2026-09-30 14:00:00+00:00,18.975,15.14875
2026-09-30 15:00:00+00:00,18.36,17.45625
2026-09-30 16:00:00+00:00,19.76,21.999375
2026-09-30 17:00:00+00:00,22.5475,23.641875
2026-09-30 18:00:00+00:00,24.475,25.923125
2026-09-30 19:00:00+00:00,27.345,23.583125
2026-09-30 20:00:00+00:00,32.005,23.323125
2026-09-30 21:00:00+00:00,40.0975,34.4775
2026-09-30 22:00:00+00:00,53.25,26.045625
2026-09-30 23:00:00+00:00,65.58749999999999,40.545625
2026-10-01 00:00:00+00:00,60.1525,50.36
2026-10-01 01:00:00+00:00,62.9175,41.4875
2026-10-01 02:00:00+00:00,70.14,40.838125000000005
2026-10-01 03:00:00+00:00,55.425,45.105625
2026-10-01 04:00:00+00:00,49.83,41.98375
2026-10-01 05:00:00+00:00,49.6425,40.4225
2026-10-01 06:00:00+00:00,46.3175,48.12375
2026-10-01 07:00:00+00:00,43.5875,51.340625
2026-10-01 08:00:00+00:00,41.2525,52.11
2026-10-01 09:00:00+00:00,43.4375,55.355625
2026-10-01 10:00:00+00:00,45.5325,61.764375
2026-10-01 11:00:00+00:00,54.5875,56.135625
2026-10-01 12:00:00+00:00,59.715,53.39375
2026-10-01 13:00:00+00:00,45.735,42.5
2026-10-01 14:00:00+00:00,35.45,37.545
2026-10-01 15:00:00+00:00,32.825,41.185
2026-10-01 16:00:00+00:00,34.3575,36.89625
2026-10-01 17:00:00+00:00,34.27,35.386874999999996
2026-10-01 18:00:00+00:00,42.1725,27.19625
2026-10-01 19:00:00+00:00,43.0275,23.404375
2026-10-01 20:00:00+00:00,42.9,23.41125
2026-10-01 21:00:00+00:00,45.425,26.130625
2026-10-01 22:00:00+00:00,49.3425,30.885
2026-10-01 23:00:00+00:00,63.255,40.800625
2026-10-02 00:00:00+00:00,67.3275,44.11125
2026-10-02 01:00:00+00:00,58.315,49.4075
2026-10-02 02:00:00+00:00,63.8575,49.269999999999996
2026-10-02 03:00:00+00:00,46.4075,78.341875
2026-10-02 04:00:00+00:00,38.3925,64.465
2026-10-02 05:00:00+00:00,38.51,50.3575
2026-10-02 06:00:00+00:00,34.56,50.878125
2026-10-02 07:00:00+00:00,32.19,39.2525
2026-10-02 08:00:00+00:00,30.76,34.71125
2026-10-02 09:00:00+00:00,28.895,37.904375
2026-10-02 10:00:00+00:00,30.3525,34.556875
2026-10-02 11:00:00+00:00,33.75,36.04625
2026-10-02 12:00:00+00:00,34.0625,38.96125
2026-10-02 13:00:00+00:00,32.5275,39.48125
2026-10-02 14:00:00+00:00,32.77,41.334375
2026-10-02 15:00:00+00:00,33.555,41.23625
2026-10-02 16:00:00+00:00,33.125,38.01
2026-10-02 17:00:00+00:00,32.33,38.630625
2026-10-02 18:00:00+00:00,31.387500000000003,36.533125
2026-10-02 19:00:00+00:00,31.5875,39.394999999999996
2026-10-02 20:00:00+00:00,34.0325,44.79125
2026-10-02 21:00:00+00:00,35.7625,46.856875
2026-10-02 22:00:00+00:00,42.32,39.3875
2026-10-02 23:00:00+00:00,47.8625,41.98375
2026-10-03 00:00:00+00:00,45.7125,41.915
2026-10-03 01:00:00+00:00,47.0975,42.15875
2026-10-03 02:00:00+00:00,50.675,43.18
2026-10-03 03:00:00+00:00,45.8425,44.9625
2026-10-03 04:00:00+00:00,46.6775,46.51
2026-10-03 05:00:00+00:00,42.765,50.015
2026-10-03 06:00:00+00:00,41.14,51.45875
2026-10-03 07:00:00+00:00,39.805,45.989374999999995
2026-10-03 08:00:00+00:00,38.765,44.443125
2026-10-03 09:00:00+00:00,37.325,43.045
2026-10-03 10:00:00+00:00,37.77,47.19625
2026-10-03 11:00:00+00:00,37.605,46.84625
2026-10-03 12:00:00+00:00,38.49,46.3175
2026-10-03 13:00:00+00:00,37.9675,51.09125
2026-10-03 14:00:00+00:00,36.0175,56.691875
2026-10-03 15:00:00+00:00,34.192499999999995,57.428125
2026-10-03 16:00:00+00:00,31.6825,52.709374999999994
2026-10-03 17:00:00+00:00,31.905,48.676249999999996
2026-10-03 18:00:00+00:00,31.15,52.845
2026-10-03 19:00:00+00:00,31.2775,57.02375
2026-10-03 20:00:00+00:00,34.89,46.37375
2026-10-03 21:00:00+00:00,39.3575,43.015
2026-10-03 22:00:00+00:00,48.8075,50.9325
2026-10-03 23:00:00+00:00,59.24,57.660625
2026-10-04 00:00:00+00:00,63.265,62.36875
2026-10-04 01:00:00+00:00,59.3825,66.62625
2026-10-04 02:00:00+00:00,64.0975,55.87625
2026-10-04 03:00:00+00:00,69.745,59.835
2026-10-04 04:00:00+00:00,55.02,63.391875
2026-10-04 05:00:00+00:00,68.02250000000001,50.804375
2026-10-04 06:00:00+00:00,51.6,60.94875
2026-10-04 07:00:00+00:00,46.6125,58.4275
2026-10-04 08:00:00+00:00,44.44,53.51625
2026-10-04 09:00:00+00:00,41.5775,44.129374999999996
2026-10-04 10:00:00+00:00,39.1625,40.870625000000004
2026-10-04 11:00:00+00:00,36.8775,35.371875
2026-10-04 12:00:00+00:00,33.705,36.598125
2026-10-04 13:00:00+00:00,28.6675,28.485
2026-10-04 14:00:00+00:00,21.535,30.168125
2026-10-04 15:00:00+00:00,19.985,29.245625
2026-10-04 16:00:00+00:00,18.72,27.564375
2026-10-04 17:00:00+00:00,18.415,33.515625
2026-10-04 18:00:00+00:00,20.13,30.205625
2026-10-04 19:00:00+00:00,21.93,26.311875
2026-10-04 20:00:00+00:00,23.0475,27.778750000000002
2026-10-04 21:00:00+00:00,27.345,31.84
2026-10-04 22:00:00+00:00,35.275,38.0725
2026-10-04 23:00:00+00:00,49.105,52.275625
2026-10-05 00:00:00+00:00,53.145,51.31125
2026-10-05 01:00:00+00:00,53.02,46.350625
2026-10-05 02:00:00+00:00,50.83,47.82
2026-10-05 03:00:00+00:00,46.4925,43.8975
2026-10-05 04:00:00+00:00,45.05,41.145625
2026-10-05 05:00:00+00:00,50.505,40.1925
2026-10-05 06:00:00+00:00,47.51,37.901250000000005
2026-10-05 07:00:00+00:00,45.065,36.14
2026-10-05 08:00:00+00:00,44.845,38.80875
2026-10-05 09:00:00+00:00,43.6625,34.940625
2026-10-05 10:00:00+00:00,48.39,41.751875
2026-10-05 11:00:00+00:00,47.29,72.03375
2026-10-05 12:00:00+00:00,49.7,56.91125
2026-10-05 13:00:00+00:00,32.7125,32.56125
2026-10-05 14:00:00+00:00,25.3175,25.346875
2026-10-05 15:00:00+00:00,24.95,24.064375
2026-10-05 16:00:00+00:00,24.165,24.475
2026-10-05 17:00:00+00:00,25.045,28.210625
2026-10-05 18:00:00+00:00,26.065,36.09
2026-10-05 19:00:00+00:00,28.7775,40.495
2026-10-05 20:00:00+00:00,31.9375,48.31875
2026-10-05 21:00:00+00:00,34.97,60.449375
2026-10-05 22:00:00+00:00,57.455,85.285625
2026-10-05 23:00:00+00:00,93.8325,110.20875000000001
2026-10-06 00:00:00+00:00,95.775,126.35374999999999
2026-10-06 01:00:00+00:00,95.92,214.82
2026-10-06 02:00:00+00:00,89.28,293.901875
2026-10-06 03:00:00+00:00,69.7975,79.064375
2026-10-06 04:00:00+00:00,47.315,55.610625
2026-10-06 05:00:00+00:00,43.9225,49.978125000000006
2026-10-06 06:00:00+00:00,39.225,43.198125
2026-10-06 07:00:00+00:00,36.655,42.359375
2026-10-06 08:00:00+00:00,36.8375,43.8425
2026-10-06 09:00:00+00:00,36.415,38.14
2026-10-06 10:00:00+00:00,39.8275,42.9225
2026-10-06 11:00:00+00:00,44.0775,45.82
2026-10-06 12:00:00+00:00,43.5975,47.25625
2026-10-06 13:00:00+00:00,24.53,23.545625
2026-10-06 14:00:00+00:00,18.7525,15.143749999999999
2026-10-06 15:00:00+00:00,18.9375,13.654375
2026-10-06 16:00:00+00:00,20.575000000000003,10.57625
2026-10-06 17:00:00+00:00,22.335,14.78875
2026-10-06 18:00:00+00:00,26.54,24.37875
2026-10-06 19:00:00+00:00,29.705,35.318125
2026-10-06 20:00:00+00:00,32.4275,39.994375
2026-10-06 21:00:00+00:00,37.38,39.260625
2026-10-06 22:00:00+00:00,59.5775,70.579375
2026-10-06 23:00:00+00:00,97.39,134.100625
2026-10-07 00:00:00+00:00,96.535,117.484375
2026-10-07 01:00:00+00:00,85.39750000000001,82.160625
2026-10-07 02:00:00+00:00,72.9925,47.780625
2026-10-07 03:00:00+00:00,48.5225,39.576875
2026-10-07 04:00:00+00:00,35.675,42.45875
2026-10-07 05:00:00+00:00,34.1525,32.91375
2026-10-07 06:00:00+00:00,30.615,29.86875
2026-10-07 07:00:00+00:00,30.52,28.075
2026-10-07 08:00:00+00:00,30.1575,26.85
2026-10-07 09:00:00+00:00,32.3825,27.028125
2026-10-07 10:00:00+00:00,37.8575,30.5925
2026-10-07 11:00:00+00:00,47.6875,37.209375
2026-10-07 12:00:00+00:00,51.6025,34.37125
2026-10-07 13:00:00+00:00,28.8475,22.306874999999998
2026-10-07 14:00:00+00:00,21.9475,15.63375
2026-10-07 15:00:00+00:00,24.095,18.73375
2026-10-07 16:00:00+00:00,25.335,24.524375
2026-10-07 17:00:00+00:00,29.09,27.0825
2026-10-07 18:00:00+00:00,32.7325,32.444375
2026-10-07 19:00:00+00:00,38.295,33.5
2026-10-07 20:00:00+00:00,44.2075,30.533125
2026-10-07 21:00:00+00:00,48.3125,31.85
2026-10-07 22:00:00+00:00,79.4425,87.5
2026-10-07 23:00:00+00:00,159.66750000000002,205.985
2026-10-08 00:00:00+00:00,151.365,225.361875
2026-10-08 01:00:00+00:00,160.75,198.65875
2026-10-08 02:00:00+00:00,158.8225,113.54875000000001
2026-10-08 03:00:00+00:00,67.095,66.73375
2026-10-08 04:00:00+00:00,46.7525,49.060833333333335
2026-10-08 05:00:00+00:00,44.7725,
2026-10-08 06:00:00+00:00,41.32,
2026-10-08 07:00:00+00:00,44.01,
2026-10-08 08:00:00+00:00,44.4825,
2026-10-08 09:00:00+00:00,46.3625,
2026-10-08 10:00:00+00:00,51.0,
2026-10-08 11:00:00+00:00,57.3325,
2026-10-08 12:00:00+00:00,56.6,
2026-10-08 13:00:00+00:00,32.325,
2026-10-08 14:00:00+00:00,23.2375,
2026-10-08 15:00:00+00:00,26.2875,
2026-10-08 16:00:00+00:00,30.3975,
2026-10-08 17:00:00+00:00,33.510000000000005,
2026-10-08 18:00:00+00:00,38.3425,
2026-10-08 19:00:00+00:00,42.125,
2026-10-08 20:00:00+00:00,50.07,
2026-10-08 21:00:00+00:00,56.3825,
2026-10-08 22:00:00+00:00,88.9925,
2026-10-08 23:00:00+00:00,147.925,
2026-10-09 00:00:00+00:00,151.70499999999998,
2026-10-09 01:00:00+00:00,153.60250000000002,
2026-10-09 02:00:00+00:00,149.92,
2026-10-09 03:00:00+00:00,81.395,
2026-10-09 04:00:00+00:00,54.7375,
