Interval,GMTIntervalEnd,Reserve Zone,RegUP,RegDN,Spin,Supp,RampUP,RampDN,UncUP,ts_utc
09/17/2026 01:00:00,09/17/2026 06:00:00,SWPW,0.0013,13.0909,0.0,0.0,0.0,0.0,0.0,2026-09-17 06:00:00+00:00
09/17/2026 02:00:00,09/17/2026 07:00:00,SWPW,14.5956,35.9815,7.0349,6.75,0.0,0.0,0.0,2026-09-17 07:00:00+00:00
09/17/2026 03:00:00,09/17/2026 08:00:00,SWPW,50.216,45.0011,6.2151,5.9301,5.215,0.0,0.0,2026-09-17 08:00:00+00:00
09/17/2026 04:00:00,09/17/2026 09:00:00,SWPW,15.2567,32.7449,7.6962,7.4112,0.0,0.0,0.0,2026-09-17 09:00:00+00:00
09/17/2026 05:00:00,09/17/2026 10:00:00,SWPW,14.5953,30.419,8.9731,6.75,0.0,0.0,0.0,2026-09-17 10:00:00+00:00
09/17/2026 06:00:00,09/17/2026 11:00:00,SWPW,15.3096,25.1315,10.3531,7.4643,1.3531,0.0,1.3531,2026-09-17 11:00:00+00:00
09/17/2026 07:00:00,09/17/2026 12:00:00,SWPW,18.6367,12.2961,15.3589,7.5141,6.9575,0.0,6.9575,2026-09-17 12:00:00+00:00
09/17/2026 08:00:00,09/17/2026 13:00:00,SWPW,19.7944,12.3131,13.6497,7.5141,4.6498,0.0,0.0,2026-09-17 13:00:00+00:00
09/17/2026 09:00:00,09/17/2026 14:00:00,SWPW,45.001,41.0723,9.0,7.5141,0.0,0.0,0.0,2026-09-17 14:00:00+00:00
09/17/2026 10:00:00,09/17/2026 15:00:00,SWPW,47.7253,45.0017,11.7245,7.5141,2.7245,0.0,0.0,2026-09-17 15:00:00+00:00
09/17/2026 11:00:00,09/17/2026 16:00:00,SWPW,45.0004,45.0015,9.0,7.5141,0.0,0.0,0.0,2026-09-17 16:00:00+00:00
09/17/2026 12:00:00,09/17/2026 17:00:00,SWPW,45.0008,45.0013,9.0,7.5141,0.0,0.0,0.0,2026-09-17 17:00:00+00:00
09/17/2026 13:00:00,09/17/2026 18:00:00,SWPW,42.1796,45.0013,8.0818,7.5141,0.0,0.0,0.0,2026-09-17 18:00:00+00:00
09/17/2026 14:00:00,09/17/2026 19:00:00,SWPW,49.0176,45.0011,13.016,7.5141,4.016,0.0,0.0,2026-09-17 19:00:00+00:00
09/17/2026 15:00:00,09/17/2026 20:00:00,SWPW,50.3387,45.0013,14.3368,7.5141,5.3368,0.0,5.3368,2026-09-17 20:00:00+00:00
09/17/2026 16:00:00,09/17/2026 21:00:00,SWPW,50.7642,45.0017,16.2329,7.5141,7.2329,0.0,6.9575,2026-09-17 21:00:00+00:00
09/17/2026 17:00:00,09/17/2026 22:00:00,SWPW,55.7639,45.0016,19.7617,7.5141,10.7617,0.0,0.0,2026-09-17 22:00:00+00:00
09/17/2026 18:00:00,09/17/2026 23:00:00,SWPW,14.5966,0.0019,14.5948,6.75,5.5947,0.0,5.5948,2026-09-17 23:00:00+00:00
09/17/2026 19:00:00,09/18/2026 00:00:00,SWPW,17.8366,0.2868,17.8347,7.5141,10.5755,0.0,10.5755,2026-09-18 00:00:00+00:00
09/17/2026 20:00:00,09/18/2026 01:00:00,SWPW,60.0393,45.0013,22.8819,7.5141,15.0372,0.0,6.9575,2026-09-18 01:00:00+00:00
09/17/2026 21:00:00,09/18/2026 02:00:00,SWPW,7.5488,24.8115,6.75,6.75,7.5474,0.0,0.0,2026-09-18 02:00:00+00:00
09/17/2026 22:00:00,09/18/2026 03:00:00,SWPW,7.5253,29.3932,7.5239,7.5141,7.5239,0.0,0.0,2026-09-18 03:00:00+00:00
09/17/2026 23:00:00,09/18/2026 04:00:00,SWPW,6.2603,14.5899,6.2586,6.2586,6.2484,0.0,0.0,2026-09-18 04:00:00+00:00
09/18/2026 00:00:00,09/18/2026 05:00:00,SWPW,0.0116,14.2273,0.01,0.01,0.0,0.0,0.0,2026-09-18 05:00:00+00:00
09/18/2026 01:00:00,09/18/2026 06:00:00,SWPW,0.5659,0.5655,0.0,0.0,0.0,0.0,0.0,2026-09-18 06:00:00+00:00
09/18/2026 02:00:00,09/18/2026 07:00:00,SWPW,2.4313,0.4645,1.9668,1.9668,2.8941,0.0,0.0,2026-09-18 07:00:00+00:00
09/18/2026 03:00:00,09/18/2026 08:00:00,SWPW,2.1555,0.3729,1.7828,1.7828,2.5263,0.0,0.0,2026-09-18 08:00:00+00:00
09/18/2026 04:00:00,09/18/2026 09:00:00,SWPW,0.2265,1.9579,0.0,0.0,0.0,0.0,0.0,2026-09-18 09:00:00+00:00
09/18/2026 05:00:00,09/18/2026 10:00:00,SWPW,0.4109,1.0009,0.0,0.0,0.0,0.0,0.0,2026-09-18 10:00:00+00:00
09/18/2026 06:00:00,09/18/2026 11:00:00,SWPW,0.5304,1.001,0.0,0.0,0.47,0.0,0.0,2026-09-18 11:00:00+00:00
09/18/2026 07:00:00,09/18/2026 12:00:00,SWPW,1.7805,0.6269,1.1532,1.1532,1.7796,0.0,0.0,2026-09-18 12:00:00+00:00
09/18/2026 08:00:00,09/18/2026 13:00:00,SWPW,7.0365,0.2871,6.75,6.75,7.3219,0.0,0.0,2026-09-18 13:00:00+00:00
09/18/2026 09:00:00,09/18/2026 14:00:00,SWPW,0.001,5.8642,0.0,0.0,0.0,0.0,0.0,2026-09-18 14:00:00+00:00
09/18/2026 10:00:00,09/18/2026 15:00:00,SWPW,50.0008,50.0017,7.799,7.5141,0.0,0.0,0.0,2026-09-18 15:00:00+00:00
09/18/2026 11:00:00,09/18/2026 16:00:00,SWPW,50.0004,50.0015,7.799,7.5141,0.0,0.0,0.0,2026-09-18 16:00:00+00:00
09/18/2026 12:00:00,09/18/2026 17:00:00,SWPW,50.0947,50.0013,7.799,7.5141,0.0939,0.0,0.0,2026-09-18 17:00:00+00:00
09/18/2026 13:00:00,09/18/2026 18:00:00,SWPW,51.5273,50.0013,7.799,7.5141,1.5262,0.0,0.0,2026-09-18 18:00:00+00:00
09/18/2026 14:00:00,09/18/2026 19:00:00,SWPW,52.6031,50.0011,7.799,7.5141,2.6015,0.0,0.0,2026-09-18 19:00:00+00:00
09/18/2026 15:00:00,09/18/2026 20:00:00,SWPW,47.8589,50.0013,7.799,7.5141,3.1377,0.0,0.0,2026-09-18 20:00:00+00:00
09/18/2026 16:00:00,09/18/2026 21:00:00,SWPW,41.1814,50.0017,17.7075,7.5142,9.7878,0.0,6.9575,2026-09-18 21:00:00+00:00
09/18/2026 17:00:00,09/18/2026 22:00:00,SWPW,42.0339,50.0016,18.2,7.5142,9.7523,0.0,0.0,2026-09-18 22:00:00+00:00
09/18/2026 18:00:00,09/18/2026 23:00:00,SWPW,39.9578,50.0019,16.1149,7.5142,8.2139,0.0,0.0,2026-09-18 23:00:00+00:00
09/18/2026 19:00:00,09/19/2026 00:00:00,SWPW,31.563,29.9762,27.6546,7.5142,20.9856,0.0,6.9575,2026-09-19 00:00:00+00:00
09/18/2026 20:00:00,09/19/2026 01:00:00,SWPW,44.2108,24.8318,39.7369,7.5142,30.7369,0.0,6.9575,2026-09-19 01:00:00+00:00
09/18/2026 21:00:00,09/19/2026 02:00:00,SWPW,55.5964,50.0007,14.5948,6.75,5.5948,0.0,0.0,2026-09-19 02:00:00+00:00
09/18/2026 22:00:00,09/19/2026 03:00:00,SWPW,15.3604,23.518,9.0,7.5142,0.0,0.0,0.0,2026-09-19 03:00:00+00:00
09/18/2026 23:00:00,09/19/2026 04:00:00,SWPW,15.3607,34.479,9.0,7.5142,0.0,0.0,0.0,2026-09-19 04:00:00+00:00
09/19/2026 00:00:00,09/19/2026 05:00:00,SWPW,0.0016,12.2076,0.0,0.0,0.0,0.0,0.0,2026-09-19 05:00:00+00:00
09/19/2026 01:00:00,09/19/2026 06:00:00,SWPW,6.7513,6.3075,6.75,6.75,0.0,0.0,0.0,2026-09-19 06:00:00+00:00
09/19/2026 02:00:00,09/19/2026 07:00:00,SWPW,6.7508,6.0844,6.75,6.75,6.75,0.0,0.0,2026-09-19 07:00:00+00:00
09/19/2026 03:00:00,09/19/2026 08:00:00,SWPW,8.3645,3.7258,8.3635,7.4243,8.3635,0.0,0.0,2026-09-19 08:00:00+00:00
09/19/2026 04:00:00,09/19/2026 09:00:00,SWPW,5.7565,1.3989,5.7558,5.7558,5.7455,0.0,5.7455,2026-09-19 09:00:00+00:00
09/19/2026 05:00:00,09/19/2026 10:00:00,SWPW,6.2668,3.4328,6.2593,6.2593,6.2663,0.0,0.0,2026-09-19 10:00:00+00:00
09/19/2026 06:00:00,09/19/2026 11:00:00,SWPW,6.958,2.2341,6.75,6.75,6.9574,0.0,1.4401,2026-09-19 11:00:00+00:00
09/19/2026 07:00:00,09/19/2026 12:00:00,SWPW,7.0476,2.642,6.75,6.75,7.0466,0.0,0.9332,2026-09-19 12:00:00+00:00
09/19/2026 08:00:00,09/19/2026 13:00:00,SWPW,7.4248,0.2861,7.4243,7.4243,7.4243,0.0,0.0,2026-09-19 13:00:00+00:00
09/19/2026 09:00:00,09/19/2026 14:00:00,SWPW,49.3973,50.0014,9.0,7.4243,0.0,0.0,0.0,2026-09-19 14:00:00+00:00
09/19/2026 10:00:00,09/19/2026 15:00:00,SWPW,50.0008,50.0017,7.7092,7.4243,0.0,0.0,0.0,2026-09-19 15:00:00+00:00
09/19/2026 11:00:00,09/19/2026 16:00:00,SWPW,49.043,50.0015,7.7092,7.4243,0.0,0.0,0.0,2026-09-19 16:00:00+00:00
09/19/2026 12:00:00,09/19/2026 17:00:00,SWPW,50.0008,50.0013,7.7092,7.4243,0.0,0.0,0.0,2026-09-19 17:00:00+00:00
09/19/2026 13:00:00,09/19/2026 18:00:00,SWPW,50.0011,50.0013,7.7092,7.4243,0.0,0.0,0.0,2026-09-19 18:00:00+00:00
09/19/2026 14:00:00,09/19/2026 19:00:00,SWPW,29.0784,50.0011,24.9743,7.4243,15.9743,0.0,0.0,2026-09-19 19:00:00+00:00
09/19/2026 15:00:00,09/19/2026 20:00:00,SWPW,37.1015,50.0013,15.8743,7.4243,6.8743,0.0,6.8743,2026-09-19 20:00:00+00:00
09/19/2026 16:00:00,09/19/2026 21:00:00,SWPW,42.3995,50.0017,18.8782,7.4243,10.486,0.0,6.8743,2026-09-19 21:00:00+00:00
09/19/2026 17:00:00,09/19/2026 22:00:00,SWPW,38.8946,50.0016,9.2017,7.4243,0.2017,0.0,0.0,2026-09-19 22:00:00+00:00
09/19/2026 18:00:00,09/19/2026 23:00:00,SWPW,39.3425,50.0019,17.2784,7.4243,9.0429,0.0,0.4001,2026-09-19 23:00:00+00:00
09/19/2026 19:00:00,09/20/2026 00:00:00,SWPW,49.5689,50.0019,25.4414,7.4243,17.2886,0.0,6.8743,2026-09-20 00:00:00+00:00
09/19/2026 20:00:00,09/20/2026 01:00:00,SWPW,70.301,50.0013,43.0,7.4243,34.0,0.0,6.8743,2026-09-20 01:00:00+00:00
09/19/2026 21:00:00,09/20/2026 02:00:00,SWPW,24.7829,21.8465,23.3324,7.4243,14.3325,0.0,0.0,2026-09-20 02:00:00+00:00
09/19/2026 22:00:00,09/20/2026 03:00:00,SWPW,0.4019,9.0,0.0,0.0,0.0,0.0,0.0,2026-09-20 03:00:00+00:00
09/19/2026 23:00:00,09/20/2026 04:00:00,SWPW,0.0017,1.7264,0.0,0.0,0.0,0.0,0.0,2026-09-20 04:00:00+00:00
09/20/2026 00:00:00,09/20/2026 05:00:00,SWPW,0.0016,12.0769,0.0,0.0,0.0,0.0,0.0,2026-09-20 05:00:00+00:00
09/20/2026 01:00:00,09/20/2026 06:00:00,SWPW,14.5022,22.0839,9.0,6.75,0.0,0.0,0.0,2026-09-20 06:00:00+00:00
09/20/2026 02:00:00,09/20/2026 07:00:00,SWPW,11.2607,2.5071,11.1693,7.1545,11.3505,0.0,1.9727,2026-09-20 07:00:00+00:00
09/20/2026 03:00:00,09/20/2026 08:00:00,SWPW,11.353,3.7258,11.3513,7.1545,11.3528,0.0,0.0,2026-09-20 08:00:00+00:00
09/20/2026 04:00:00,09/20/2026 09:00:00,SWPW,6.6354,1.1639,6.6347,6.6347,6.6245,0.0,6.6245,2026-09-20 09:00:00+00:00
09/20/2026 05:00:00,09/20/2026 10:00:00,SWPW,5.2974,2.576,5.2875,5.2875,5.2969,0.0,0.0,2026-09-20 10:00:00+00:00
09/20/2026 06:00:00,09/20/2026 11:00:00,SWPW,5.3941,1.8783,5.2081,5.2081,5.3935,0.0,0.0,2026-09-20 11:00:00+00:00
09/20/2026 07:00:00,09/20/2026 12:00:00,SWPW,6.6379,2.2603,6.3611,6.3611,6.6245,0.0,6.6245,2026-09-20 12:00:00+00:00
09/20/2026 08:00:00,09/20/2026 13:00:00,SWPW,7.155,0.2861,7.1545,7.1545,7.1545,0.0,0.0,2026-09-20 13:00:00+00:00
09/20/2026 09:00:00,09/20/2026 14:00:00,SWPW,28.4028,29.197,9.0001,7.1545,0.0,0.0,0.0,2026-09-20 14:00:00+00:00
09/20/2026 10:00:00,09/20/2026 15:00:00,SWPW,44.3369,50.0017,7.4394,7.1545,0.0,0.0,0.0,2026-09-20 15:00:00+00:00
09/20/2026 11:00:00,09/20/2026 16:00:00,SWPW,38.6641,50.0015,7.4394,7.1545,0.0,0.0,0.0,2026-09-20 16:00:00+00:00
09/20/2026 12:00:00,09/20/2026 17:00:00,SWPW,38.3415,50.0013,7.4394,7.1545,0.0,0.0,0.0,2026-09-20 17:00:00+00:00
09/20/2026 13:00:00,09/20/2026 18:00:00,SWPW,42.6165,50.0013,7.4394,7.1545,0.0,0.0,0.0,2026-09-20 18:00:00+00:00
09/20/2026 14:00:00,09/20/2026 19:00:00,SWPW,47.4346,50.0011,7.4394,7.1545,3.8972,0.0,0.0,2026-09-20 19:00:00+00:00
09/20/2026 15:00:00,09/20/2026 20:00:00,SWPW,47.1247,50.0013,7.4394,7.1545,2.6849,0.0,0.0,2026-09-20 20:00:00+00:00
09/20/2026 16:00:00,09/20/2026 21:00:00,SWPW,29.5145,43.2921,13.5861,7.1545,9.2839,0.0,6.6245,2026-09-20 21:00:00+00:00
09/20/2026 17:00:00,09/20/2026 22:00:00,SWPW,31.3847,50.0016,8.1223,7.1545,0.0,0.0,0.0,2026-09-20 22:00:00+00:00
09/20/2026 18:00:00,09/20/2026 23:00:00,SWPW,31.1617,31.8774,24.5846,7.1545,20.2057,0.0,6.6245,2026-09-20 23:00:00+00:00
09/20/2026 19:00:00,09/21/2026 00:00:00,SWPW,78.6031,50.002,32.266,21.3095,28.6012,0.0,150.0,2026-09-21 00:00:00+00:00
09/20/2026 20:00:00,09/21/2026 01:00:00,SWPW,41.6632,4.1127,36.5641,7.1545,31.5918,0.0,6.6245,2026-09-21 01:00:00+00:00
09/20/2026 21:00:00,09/21/2026 02:00:00,SWPW,10.865,0.956,9.9081,7.1545,11.8188,0.0,6.6245,2026-09-21 02:00:00+00:00
09/20/2026 22:00:00,09/21/2026 03:00:00,SWPW,7.2533,0.5026,6.75,6.75,6.75,0.0,0.0,2026-09-21 03:00:00+00:00
09/20/2026 23:00:00,09/21/2026 04:00:00,SWPW,5.3133,0.001,5.3116,5.3116,2.9446,0.0,0.0,2026-09-21 04:00:00+00:00
09/21/2026 00:00:00,09/21/2026 05:00:00,SWPW,0.0016,1.4508,0.0,0.0,0.0,0.0,0.0,2026-09-21 05:00:00+00:00
09/21/2026 01:00:00,09/21/2026 06:00:00,SWPW,14.2206,22.6157,9.0,6.75,0.0,0.0,0.0,2026-09-21 06:00:00+00:00
09/21/2026 02:00:00,09/21/2026 07:00:00,SWPW,10.07,22.3423,9.0001,6.75,0.0,0.0,0.0,2026-09-21 07:00:00+00:00
09/21/2026 03:00:00,09/21/2026 08:00:00,SWPW,17.2247,17.1112,14.6238,7.1545,7.1545,0.0,0.0,2026-09-21 08:00:00+00:00
09/21/2026 04:00:00,09/21/2026 09:00:00,SWPW,10.0699,11.3658,9.0001,6.75,0.0,0.0,0.0,2026-09-21 09:00:00+00:00
09/21/2026 05:00:00,09/21/2026 10:00:00,SWPW,10.0697,12.1235,9.0001,6.75,0.0,0.0,0.0,2026-09-21 10:00:00+00:00
09/21/2026 06:00:00,09/21/2026 11:00:00,SWPW,10.5141,10.5732,9.4444,6.75,0.4443,0.0,0.4443,2026-09-21 11:00:00+00:00
09/21/2026 07:00:00,09/21/2026 12:00:00,SWPW,16.6947,9.0006,14.6238,7.1545,6.6245,0.0,6.6245,2026-09-21 12:00:00+00:00
09/21/2026 08:00:00,09/21/2026 13:00:00,SWPW,37.2912,12.1024,23.3956,7.1545,14.3956,0.0,0.0,2026-09-21 13:00:00+00:00
09/21/2026 09:00:00,09/21/2026 14:00:00,SWPW,14.2203,20.4398,9.0001,6.75,0.0,0.0,0.0,2026-09-21 14:00:00+00:00
09/21/2026 10:00:00,09/21/2026 15:00:00,SWPW,14.6247,31.7988,9.0001,7.1545,0.0,0.0,0.0,2026-09-21 15:00:00+00:00
09/21/2026 11:00:00,09/21/2026 16:00:00,SWPW,14.6242,34.0963,7.4394,7.1545,0.0,0.0,0.0,2026-09-21 16:00:00+00:00
09/21/2026 12:00:00,09/21/2026 17:00:00,SWPW,14.2201,32.9087,7.0349,6.75,0.0,0.0,0.0,2026-09-21 17:00:00+00:00
09/21/2026 13:00:00,09/21/2026 18:00:00,SWPW,14.6249,33.7383,7.4394,7.1545,0.0,0.0,0.0,2026-09-21 18:00:00+00:00
09/21/2026 14:00:00,09/21/2026 19:00:00,SWPW,28.1576,43.6275,12.1785,7.1545,7.7182,0.0,0.0,2026-09-21 19:00:00+00:00
09/21/2026 15:00:00,09/21/2026 20:00:00,SWPW,33.8406,50.0013,10.5715,7.1545,2.1316,0.0,2.1316,2026-09-21 20:00:00+00:00
09/21/2026 16:00:00,09/21/2026 21:00:00,SWPW,43.935,50.0017,22.4802,7.1545,13.8855,0.0,7.0,2026-09-21 21:00:00+00:00
09/21/2026 17:00:00,09/21/2026 22:00:00,SWPW,48.503,50.0016,21.2503,7.1545,12.2502,0.0,6.6245,2026-09-21 22:00:00+00:00
09/21/2026 18:00:00,09/21/2026 23:00:00,SWPW,50.7183,50.0019,28.7355,7.1545,20.2755,0.0,10.0692,2026-09-21 23:00:00+00:00
09/21/2026 19:00:00,09/22/2026 00:00:00,SWPW,77.8662,50.0019,54.2487,37.6709,67.0,0.0,150.0,2026-09-22 00:00:00+00:00
09/21/2026 20:00:00,09/22/2026 01:00:00,SWPW,32.4887,9.0019,30.9731,7.1545,34.0,0.0,6.6245,2026-09-22 01:00:00+00:00
09/21/2026 21:00:00,09/22/2026 02:00:00,SWPW,24.5701,12.6431,23.4995,7.1545,14.4994,0.0,0.0,2026-09-22 02:00:00+00:00
09/21/2026 22:00:00,09/22/2026 03:00:00,SWPW,15.122,12.9763,9.0001,7.1545,0.0,0.0,0.0,2026-09-22 03:00:00+00:00
09/21/2026 23:00:00,09/22/2026 04:00:00,SWPW,1.7938,1.0009,1.7921,1.7921,0.0,0.0,0.0,2026-09-22 04:00:00+00:00
09/22/2026 00:00:00,09/22/2026 05:00:00,SWPW,14.2209,28.1237,9.0001,6.75,0.0,0.0,0.0,2026-09-22 05:00:00+00:00
09/22/2026 01:00:00,09/22/2026 06:00:00,SWPW,1.7462,10.5206,1.7449,1.7449,0.0,0.0,0.0,2026-09-22 06:00:00+00:00
09/22/2026 02:00:00,09/22/2026 07:00:00,SWPW,4.1531,11.4568,4.1523,4.1523,4.1523,0.0,0.0,2026-09-22 07:00:00+00:00
09/22/2026 03:00:00,09/22/2026 08:00:00,SWPW,52.3599,55.0011,7.3494,7.0645,0.0,0.0,0.0,2026-09-22 08:00:00+00:00
09/22/2026 04:00:00,09/22/2026 09:00:00,SWPW,55.0007,55.0009,9.0001,7.0645,0.0,0.0,0.0,2026-09-22 09:00:00+00:00
09/22/2026 05:00:00,09/22/2026 10:00:00,SWPW,55.0005,55.0009,9.0,7.0645,0.0,0.0,0.0,2026-09-22 10:00:00+00:00
09/22/2026 06:00:00,09/22/2026 11:00:00,SWPW,55.0006,55.001,9.0,7.0645,0.0,0.0,0.0,2026-09-22 11:00:00+00:00
09/22/2026 07:00:00,09/22/2026 12:00:00,SWPW,56.3776,55.0006,9.6709,7.0645,1.3766,0.0,1.3766,2026-09-22 12:00:00+00:00
09/22/2026 08:00:00,09/22/2026 13:00:00,SWPW,13.3272,5.269,13.3266,7.0645,13.3267,0.0,0.0,2026-09-22 13:00:00+00:00
09/22/2026 09:00:00,09/22/2026 14:00:00,SWPW,55.001,55.0014,8.7577,7.0645,0.0,0.0,0.0,2026-09-22 14:00:00+00:00
09/22/2026 10:00:00,09/22/2026 15:00:00,SWPW,55.0008,55.0017,7.3494,7.0645,0.0,0.0,0.0,2026-09-22 15:00:00+00:00
09/22/2026 11:00:00,09/22/2026 16:00:00,SWPW,55.0004,55.0015,7.3494,7.0645,0.0,0.0,0.0,2026-09-22 16:00:00+00:00
09/22/2026 12:00:00,09/22/2026 17:00:00,SWPW,55.0008,55.0013,7.3494,7.0645,0.0,0.0,0.0,2026-09-22 17:00:00+00:00
09/22/2026 13:00:00,09/22/2026 18:00:00,SWPW,55.0011,55.0013,7.3494,7.0645,0.0,0.0,0.0,2026-09-22 18:00:00+00:00
09/22/2026 14:00:00,09/22/2026 19:00:00,SWPW,62.9475,55.0011,8.9459,7.0645,7.9459,0.0,0.0,2026-09-22 19:00:00+00:00
09/22/2026 15:00:00,09/22/2026 20:00:00,SWPW,62.7439,55.0013,8.742,7.0645,7.7419,0.0,0.0,2026-09-22 20:00:00+00:00
09/22/2026 16:00:00,09/22/2026 21:00:00,SWPW,55.0016,55.0017,7.3494,7.0645,0.0,0.0,0.0,2026-09-22 21:00:00+00:00
09/22/2026 17:00:00,09/22/2026 22:00:00,SWPW,1.8454,10.0969,0.0,0.0,0.0,0.0,0.0,2026-09-22 22:00:00+00:00
09/22/2026 18:00:00,09/22/2026 23:00:00,SWPW,57.6559,55.0019,7.3494,7.0645,2.6541,0.0,0.0,2026-09-22 23:00:00+00:00
09/22/2026 19:00:00,09/23/2026 00:00:00,SWPW,15.5007,4.2739,13.0426,7.0645,17.9551,0.0,7.3754,2026-09-23 00:00:00+00:00
09/22/2026 20:00:00,09/23/2026 01:00:00,SWPW,26.5532,2.3962,24.1562,7.0645,28.946,0.0,6.5412,2026-09-23 01:00:00+00:00
09/22/2026 21:00:00,09/23/2026 02:00:00,SWPW,8.5864,1.521,7.0645,7.0645,10.1051,0.0,0.0,2026-09-23 02:00:00+00:00
09/22/2026 22:00:00,09/23/2026 03:00:00,SWPW,7.8643,1.1136,6.75,6.75,7.8628,0.0,0.0,2026-09-23 03:00:00+00:00
09/22/2026 23:00:00,09/23/2026 04:00:00,SWPW,0.5285,1.0009,0.0102,0.0102,0.0,0.0,0.0,2026-09-23 04:00:00+00:00
09/23/2026 00:00:00,09/23/2026 05:00:00,SWPW,0.0017,17.0187,0.0001,0.0001,0.0,0.0,0.0,2026-09-23 05:00:00+00:00
09/23/2026 01:00:00,09/23/2026 06:00:00,SWPW,0.5287,1.0011,0.0,0.0,0.0,0.0,0.0,2026-09-23 06:00:00+00:00
09/23/2026 02:00:00,09/23/2026 07:00:00,SWPW,2.774,1.0009,2.3027,2.3027,2.7733,0.0,0.0,2026-09-23 07:00:00+00:00
09/23/2026 03:00:00,09/23/2026 08:00:00,SWPW,3.4482,0.3798,3.0685,3.0685,3.8259,0.0,0.0,2026-09-23 08:00:00+00:00
09/23/2026 04:00:00,09/23/2026 09:00:00,SWPW,0.2288,1.8481,0.0,0.0,0.0,0.0,0.0,2026-09-23 09:00:00+00:00
09/23/2026 05:00:00,09/23/2026 10:00:00,SWPW,0.3016,1.8363,0.0,0.0,0.3011,0.0,0.0,2026-09-23 10:00:00+00:00
09/23/2026 06:00:00,09/23/2026 11:00:00,SWPW,1.5831,0.526,1.0575,1.0575,1.5825,0.0,0.0,2026-09-23 11:00:00+00:00
09/23/2026 07:00:00,09/23/2026 12:00:00,SWPW,0.5929,0.5926,0.0,0.0,0.0,0.0,0.0,2026-09-23 12:00:00+00:00
09/23/2026 08:00:00,09/23/2026 13:00:00,SWPW,7.6932,0.2861,7.47,7.0645,7.9154,0.0,0.0,2026-09-23 13:00:00+00:00
09/23/2026 09:00:00,09/23/2026 14:00:00,SWPW,0.1313,0.2863,0.0,0.0,0.0,0.0,0.0,2026-09-23 14:00:00+00:00
09/23/2026 10:00:00,09/23/2026 15:00:00,SWPW,0.0008,8.7073,0.0,0.0,0.0,0.0,0.0,2026-09-23 15:00:00+00:00
09/23/2026 11:00:00,09/23/2026 16:00:00,SWPW,0.0005,13.8459,0.0,0.0,0.0,0.0,0.0,2026-09-23 16:00:00+00:00
09/23/2026 12:00:00,09/23/2026 17:00:00,SWPW,60.0008,60.0013,7.3494,7.0645,0.0,0.0,0.0,2026-09-23 17:00:00+00:00
09/23/2026 13:00:00,09/23/2026 18:00:00,SWPW,0.286,17.8328,0.0,0.0,0.0,0.0,0.0,2026-09-23 18:00:00+00:00
09/23/2026 14:00:00,09/23/2026 19:00:00,SWPW,3.0607,5.7916,1.9985,1.9985,3.059,0.0,0.0,2026-09-23 19:00:00+00:00
09/23/2026 15:00:00,09/23/2026 20:00:00,SWPW,8.2585,3.6726,6.9239,6.9239,9.5892,0.0,6.5412,2026-09-23 20:00:00+00:00
09/23/2026 16:00:00,09/23/2026 21:00:00,SWPW,10.0027,1.5993,8.4035,7.0645,11.5988,0.0,7.0,2026-09-23 21:00:00+00:00
09/23/2026 17:00:00,09/23/2026 22:00:00,SWPW,9.4883,1.9436,7.5442,7.0645,11.4281,0.0,0.2004,2026-09-23 22:00:00+00:00
09/23/2026 18:00:00,09/23/2026 23:00:00,SWPW,18.8008,13.0841,16.9921,7.0645,20.6061,0.0,6.5412,2026-09-23 23:00:00+00:00
09/23/2026 19:00:00,09/24/2026 00:00:00,SWPW,28.2266,13.7858,26.3147,7.0645,30.1347,0.0,7.3754,2026-09-24 00:00:00+00:00
09/23/2026 20:00:00,09/24/2026 01:00:00,SWPW,33.1777,16.295,31.6583,7.0645,67.0,0.0,6.5412,2026-09-24 01:00:00+00:00
09/23/2026 21:00:00,09/24/2026 02:00:00,SWPW,24.8876,9.0011,24.0561,7.0645,25.716,0.0,0.0,2026-09-24 02:00:00+00:00
09/23/2026 22:00:00,09/24/2026 03:00:00,SWPW,12.3712,9.0007,12.2368,7.0645,12.5028,0.0,0.0,2026-09-24 03:00:00+00:00
09/23/2026 23:00:00,09/24/2026 04:00:00,SWPW,6.7517,7.2164,6.75,6.75,6.75,0.0,0.0,2026-09-24 04:00:00+00:00
09/24/2026 00:00:00,09/24/2026 05:00:00,SWPW,6.041,11.51,6.0394,6.0394,6.0292,0.0,0.0,2026-09-24 05:00:00+00:00
09/24/2026 01:00:00,09/24/2026 06:00:00,SWPW,6.7226,8.5202,6.7213,6.7213,6.7212,0.0,0.0,2026-09-24 06:00:00+00:00
09/24/2026 02:00:00,09/24/2026 07:00:00,SWPW,6.7508,9.6986,6.75,6.75,6.75,0.0,0.0,2026-09-24 07:00:00+00:00
09/24/2026 03:00:00,09/24/2026 08:00:00,SWPW,9.4277,4.626,9.4267,7.2444,9.4267,0.0,0.0,2026-09-24 08:00:00+00:00
09/24/2026 04:00:00,09/24/2026 09:00:00,SWPW,6.7507,2.8918,6.75,6.75,6.75,0.0,6.7077,2026-09-24 09:00:00+00:00
09/24/2026 05:00:00,09/24/2026 10:00:00,SWPW,7.0834,4.0958,7.0829,7.0829,7.083,0.0,0.0,2026-09-24 10:00:00+00:00
09/24/2026 06:00:00,09/24/2026 11:00:00,SWPW,7.2949,6.5045,7.2943,7.2444,7.2944,0.0,6.7077,2026-09-24 11:00:00+00:00
09/24/2026 07:00:00,09/24/2026 12:00:00,SWPW,14.4114,8.2906,14.4105,7.2444,14.4105,0.0,6.7077,2026-09-24 12:00:00+00:00
09/24/2026 08:00:00,09/24/2026 13:00:00,SWPW,21.4608,1.0012,21.4603,7.2444,21.4603,0.0,0.0,2026-09-24 13:00:00+00:00
09/24/2026 09:00:00,09/24/2026 14:00:00,SWPW,9.4649,0.0014,9.4639,6.75,6.75,0.0,0.0,2026-09-24 14:00:00+00:00
09/24/2026 10:00:00,09/24/2026 15:00:00,SWPW,14.8086,25.9143,9.0001,7.2445,0.0,0.0,0.0,2026-09-24 15:00:00+00:00
09/24/2026 11:00:00,09/24/2026 16:00:00,SWPW,14.3136,26.3368,9.0001,6.75,0.0,0.0,0.0,2026-09-24 16:00:00+00:00
09/24/2026 12:00:00,09/24/2026 17:00:00,SWPW,14.314,30.2016,9.0001,6.75,0.0,0.0,0.0,2026-09-24 17:00:00+00:00
09/24/2026 13:00:00,09/24/2026 18:00:00,SWPW,14.8088,27.0159,9.0001,7.2445,0.0,0.0,0.0,2026-09-24 18:00:00+00:00
09/24/2026 14:00:00,09/24/2026 19:00:00,SWPW,16.8029,27.7034,15.6055,7.2445,6.6055,0.0,0.1135,2026-09-24 19:00:00+00:00
09/24/2026 15:00:00,09/24/2026 20:00:00,SWPW,64.5477,65.0013,27.0215,7.2445,18.0215,0.0,6.7077,2026-09-24 20:00:00+00:00
09/24/2026 16:00:00,09/24/2026 21:00:00,SWPW,30.5647,29.0611,29.3674,7.2445,20.3673,0.0,10.1958,2026-09-24 21:00:00+00:00
09/24/2026 17:00:00,09/24/2026 22:00:00,SWPW,62.8152,65.0016,25.5281,7.2445,16.5281,0.0,6.7077,2026-09-24 22:00:00+00:00
09/24/2026 18:00:00,09/24/2026 23:00:00,SWPW,80.6376,65.0019,44.061,7.2445,67.0,0.0,10.1958,2026-09-24 23:00:00+00:00
09/24/2026 19:00:00,09/25/2026 00:00:00,SWPW,56.1695,28.2193,54.9718,32.9588,67.0,0.0,150.0,2026-09-25 00:00:00+00:00
09/24/2026 20:00:00,09/25/2026 01:00:00,SWPW,30.2728,9.0017,30.2706,7.2445,30.2706,0.0,10.1958,2026-09-25 01:00:00+00:00
09/24/2026 21:00:00,09/25/2026 02:00:00,SWPW,20.0837,9.0007,20.0821,7.2445,20.0821,0.0,6.7077,2026-09-25 02:00:00+00:00
09/24/2026 22:00:00,09/25/2026 03:00:00,SWPW,10.2964,1.5353,10.295,7.2445,10.295,0.0,0.0,2026-09-25 03:00:00+00:00
09/24/2026 23:00:00,09/25/2026 04:00:00,SWPW,14.3149,0.0009,14.3132,6.75,6.75,0.0,0.0,2026-09-25 04:00:00+00:00
09/25/2026 00:00:00,09/25/2026 05:00:00,SWPW,2.9239,0.286,2.9223,2.9223,2.3031,0.0,0.0,2026-09-25 05:00:00+00:00
09/25/2026 01:00:00,09/25/2026 06:00:00,SWPW,6.7513,0.0009,6.75,6.75,0.0,0.0,0.0,2026-09-25 06:00:00+00:00
09/25/2026 02:00:00,09/25/2026 07:00:00,SWPW,8.2068,0.2117,7.9951,7.1545,7.1545,0.0,0.0,2026-09-25 07:00:00+00:00
09/25/2026 03:00:00,09/25/2026 08:00:00,SWPW,9.4529,0.23,9.223,7.1545,8.9381,0.0,0.0,2026-09-25 08:00:00+00:00
09/25/2026 04:00:00,09/25/2026 09:00:00,SWPW,7.1222,0.3723,6.75,6.75,0.6544,0.0,0.6545,2026-09-25 09:00:00+00:00
09/25/2026 05:00:00,09/25/2026 10:00:00,SWPW,7.0354,0.2858,6.75,6.75,4.8113,0.0,0.0,2026-09-25 10:00:00+00:00
09/25/2026 06:00:00,09/25/2026 11:00:00,SWPW,8.7366,0.6943,8.0427,7.1545,1.4898,0.0,1.4898,2026-09-25 11:00:00+00:00
09/25/2026 07:00:00,09/25/2026 12:00:00,SWPW,15.1663,0.5152,14.6508,7.1545,13.1506,0.0,7.1708,2026-09-25 12:00:00+00:00
09/25/2026 08:00:00,09/25/2026 13:00:00,SWPW,31.989,0.2861,31.7036,7.1545,28.6008,0.0,0.0,2026-09-25 13:00:00+00:00
09/25/2026 09:00:00,09/25/2026 14:00:00,SWPW,67.4463,65.0014,11.4453,7.1545,0.0,0.0,0.0,2026-09-25 14:00:00+00:00
09/25/2026 10:00:00,09/25/2026 15:00:00,SWPW,62.4231,65.0017,7.4394,7.1545,0.0,0.0,0.0,2026-09-25 15:00:00+00:00
09/25/2026 11:00:00,09/25/2026 16:00:00,SWPW,60.1339,65.0015,7.4394,7.1545,0.0,0.0,0.0,2026-09-25 16:00:00+00:00
09/25/2026 12:00:00,09/25/2026 17:00:00,SWPW,61.7453,65.0013,7.4394,7.1545,0.0,0.0,0.0,2026-09-25 17:00:00+00:00
09/25/2026 13:00:00,09/25/2026 18:00:00,SWPW,63.0804,65.0013,7.4394,7.1545,0.0,0.0,0.0,2026-09-25 18:00:00+00:00
09/25/2026 14:00:00,09/25/2026 19:00:00,SWPW,65.0018,65.0011,7.4394,7.1545,1.8405,0.0,0.0,2026-09-25 19:00:00+00:00
09/25/2026 15:00:00,09/25/2026 20:00:00,SWPW,1.6137,1.6129,0.0001,0.0001,0.0,0.0,0.0,2026-09-25 20:00:00+00:00
09/25/2026 16:00:00,09/25/2026 21:00:00,SWPW,1.796,1.796,0.0001,0.0001,0.0,0.0,0.0,2026-09-25 21:00:00+00:00
09/25/2026 17:00:00,09/25/2026 22:00:00,SWPW,3.8516,1.9031,1.948,1.948,2.8495,0.0,0.0,2026-09-25 22:00:00+00:00
09/25/2026 18:00:00,09/25/2026 23:00:00,SWPW,3.9268,2.3162,1.6108,1.6108,2.9251,0.0,0.0,2026-09-25 23:00:00+00:00
09/25/2026 19:00:00,09/26/2026 00:00:00,SWPW,10.6093,2.8051,9.6076,7.1545,9.6074,0.0,6.6245,2026-09-26 00:00:00+00:00
09/25/2026 20:00:00,09/26/2026 01:00:00,SWPW,23.8148,2.2707,21.5432,7.1545,22.8126,0.0,6.6245,2026-09-26 01:00:00+00:00
09/25/2026 21:00:00,09/26/2026 02:00:00,SWPW,13.1238,1.0008,11.6672,7.1545,12.1222,0.0,0.0,2026-09-26 02:00:00+00:00
09/25/2026 22:00:00,09/26/2026 03:00:00,SWPW,7.8971,1.1463,6.75,6.75,6.74,0.0,0.0,2026-09-26 03:00:00+00:00
09/25/2026 23:00:00,09/26/2026 04:00:00,SWPW,7.1397,0.3889,6.75,6.75,0.0,0.0,0.0,2026-09-26 04:00:00+00:00
09/26/2026 00:00:00,09/26/2026 05:00:00,SWPW,0.6111,0.6005,0.0102,0.0102,0.0,0.0,0.0,2026-09-26 05:00:00+00:00
09/26/2026 01:00:00,09/26/2026 06:00:00,SWPW,0.5095,0.509,0.0001,0.0,0.0,0.0,0.0,2026-09-26 06:00:00+00:00
09/26/2026 02:00:00,09/26/2026 07:00:00,SWPW,25.0008,25.0009,7.6192,7.3343,0.0,0.0,0.0,2026-09-26 07:00:00+00:00
09/26/2026 03:00:00,09/26/2026 08:00:00,SWPW,3.7828,0.4257,3.7818,3.7818,3.7818,0.0,0.0,2026-09-26 08:00:00+00:00
09/26/2026 04:00:00,09/26/2026 09:00:00,SWPW,0.6322,0.3379,0.2944,0.0097,0.0,0.0,0.0,2026-09-26 09:00:00+00:00
09/26/2026 05:00:00,09/26/2026 10:00:00,SWPW,0.4165,0.4069,0.01,0.0,0.0,0.0,0.0,2026-09-26 10:00:00+00:00
09/26/2026 06:00:00,09/26/2026 11:00:00,SWPW,0.5885,0.5889,0.0,0.0,0.0,0.0,0.0,2026-09-26 11:00:00+00:00
09/26/2026 07:00:00,09/26/2026 12:00:00,SWPW,0.7248,0.7245,0.0,0.0,0.0,0.0,0.0,2026-09-26 12:00:00+00:00
09/26/2026 08:00:00,09/26/2026 13:00:00,SWPW,0.4475,0.4381,0.0101,0.0,0.0,0.0,0.0,2026-09-26 13:00:00+00:00
09/26/2026 09:00:00,09/26/2026 14:00:00,SWPW,18.001,24.0014,7.6192,7.3343,0.0,0.0,0.0,2026-09-26 14:00:00+00:00
09/26/2026 10:00:00,09/26/2026 15:00:00,SWPW,18.0008,32.9503,7.6192,7.3343,0.0,0.0,0.0,2026-09-26 15:00:00+00:00
09/26/2026 11:00:00,09/26/2026 16:00:00,SWPW,18.0004,27.0015,7.6192,7.3343,0.0,0.0,0.0,2026-09-26 16:00:00+00:00
09/26/2026 12:00:00,09/26/2026 17:00:00,SWPW,18.0008,32.0013,7.6192,7.3343,0.0,0.0,0.0,2026-09-26 17:00:00+00:00
09/26/2026 13:00:00,09/26/2026 18:00:00,SWPW,18.0011,37.0013,7.6192,7.3343,0.0,0.0,0.0,2026-09-26 18:00:00+00:00
09/26/2026 14:00:00,09/26/2026 19:00:00,SWPW,43.0016,43.0011,18.0,7.3343,0.0,0.0,0.0,2026-09-26 19:00:00+00:00
09/26/2026 15:00:00,09/26/2026 20:00:00,SWPW,58.432,48.0013,28.43,7.3343,10.43,0.0,0.0,2026-09-26 20:00:00+00:00
09/26/2026 16:00:00,09/26/2026 21:00:00,SWPW,55.6306,52.0017,10.6567,7.3343,9.6567,0.0,7.6571,2026-09-26 21:00:00+00:00
09/26/2026 17:00:00,09/26/2026 22:00:00,SWPW,70.8425,60.0016,11.8404,7.3343,10.8403,0.0,0.0,2026-09-26 22:00:00+00:00
09/26/2026 18:00:00,09/26/2026 23:00:00,SWPW,91.8054,68.0019,24.8037,7.3343,23.8036,0.0,10.3223,2026-09-26 23:00:00+00:00
09/26/2026 19:00:00,09/27/2026 00:00:00,SWPW,53.4202,24.022,39.026,19.5862,67.0,0.0,150.0,2026-09-27 00:00:00+00:00
09/26/2026 20:00:00,09/27/2026 01:00:00,SWPW,49.0441,2.1667,46.8766,7.3343,67.0,0.0,6.791,2026-09-27 01:00:00+00:00
09/26/2026 21:00:00,09/27/2026 02:00:00,SWPW,23.2967,1.149,22.1468,7.3343,22.1367,0.0,0.0,2026-09-27 02:00:00+00:00
09/26/2026 22:00:00,09/27/2026 03:00:00,SWPW,7.6044,0.8436,6.7601,6.75,6.75,0.0,0.0,2026-09-27 03:00:00+00:00
09/26/2026 23:00:00,09/27/2026 04:00:00,SWPW,1.6157,0.001,1.614,1.6038,1.6036,0.0,0.0,2026-09-27 04:00:00+00:00
09/27/2026 00:00:00,09/27/2026 05:00:00,SWPW,0.2956,0.2849,0.0103,0.0,0.0,0.0,0.0,2026-09-27 05:00:00+00:00
09/27/2026 01:00:00,09/27/2026 06:00:00,SWPW,9.1837,3.5961,8.9353,6.75,8.9253,0.0,0.0,2026-09-27 06:00:00+00:00
09/27/2026 02:00:00,09/27/2026 07:00:00,SWPW,12.2752,6.5241,12.0997,6.75,12.0997,0.0,0.0,2026-09-27 07:00:00+00:00
09/27/2026 03:00:00,09/27/2026 08:00:00,SWPW,65.0153,26.0011,40.0143,7.3343,67.0,0.0,0.0,2026-09-27 08:00:00+00:00
09/27/2026 04:00:00,09/27/2026 09:00:00,SWPW,31.3279,25.0008,9.4304,7.3343,6.3271,0.0,0.0,2026-09-27 09:00:00+00:00
09/27/2026 05:00:00,09/27/2026 10:00:00,SWPW,8.5767,3.6133,8.5416,6.75,8.5415,0.0,0.0,2026-09-27 10:00:00+00:00
09/27/2026 06:00:00,09/27/2026 11:00:00,SWPW,7.5331,2.1681,7.2658,6.75,7.2657,0.0,0.0,2026-09-27 11:00:00+00:00
09/27/2026 07:00:00,09/27/2026 12:00:00,SWPW,8.9967,2.2072,8.5324,6.75,8.5323,0.0,6.75,2026-09-27 12:00:00+00:00
09/27/2026 08:00:00,09/27/2026 13:00:00,SWPW,11.5061,2.6236,11.3818,6.75,11.3817,0.0,0.0,2026-09-27 13:00:00+00:00
09/27/2026 09:00:00,09/27/2026 14:00:00,SWPW,24.001,18.0014,17.753,7.3343,0.0,0.0,0.0,2026-09-27 14:00:00+00:00
09/27/2026 10:00:00,09/27/2026 15:00:00,SWPW,22.647,24.0017,8.626,7.3343,4.6462,0.0,0.0,2026-09-27 15:00:00+00:00
09/27/2026 11:00:00,09/27/2026 16:00:00,SWPW,23.1412,24.6009,8.6357,7.3343,5.1408,0.0,1.415,2026-09-27 16:00:00+00:00
09/27/2026 12:00:00,09/27/2026 17:00:00,SWPW,21.0365,24.8642,7.6192,7.3343,3.0357,0.0,0.0,2026-09-27 17:00:00+00:00
09/27/2026 13:00:00,09/27/2026 18:00:00,SWPW,21.4142,25.4426,7.6192,7.3343,3.4131,0.0,0.0,2026-09-27 18:00:00+00:00
09/27/2026 14:00:00,09/27/2026 19:00:00,SWPW,30.6198,25.0011,15.7357,7.3343,12.6182,0.0,0.0,2026-09-27 19:00:00+00:00
09/27/2026 15:00:00,09/27/2026 20:00:00,SWPW,38.187,32.696,16.222,7.3343,13.1851,0.0,6.791,2026-09-27 20:00:00+00:00
09/27/2026 16:00:00,09/27/2026 21:00:00,SWPW,37.3394,26.9702,22.9443,7.3343,19.3378,0.0,6.8023,2026-09-27 21:00:00+00:00
09/27/2026 17:00:00,09/27/2026 22:00:00,SWPW,38.7245,26.0553,24.8211,7.3343,15.1096,0.0,6.791,2026-09-27 22:00:00+00:00
09/27/2026 18:00:00,09/27/2026 23:00:00,SWPW,42.7357,26.9403,28.236,7.3343,24.734,0.0,7.6571,2026-09-27 23:00:00+00:00
09/27/2026 19:00:00,09/28/2026 00:00:00,SWPW,60.6381,27.1652,46.3811,7.3343,67.0,0.0,7.6571,2026-09-28 00:00:00+00:00
09/27/2026 20:00:00,09/28/2026 01:00:00,SWPW,61.3522,25.9155,47.0865,7.3343,67.0,0.0,0.0,2026-09-28 01:00:00+00:00
09/27/2026 21:00:00,09/28/2026 02:00:00,SWPW,24.7969,1.6262,23.1697,7.3343,23.1597,0.0,0.0,2026-09-28 02:00:00+00:00
09/27/2026 22:00:00,09/28/2026 03:00:00,SWPW,34.2122,25.0007,19.6792,7.3343,0.0,0.0,0.0,2026-09-28 03:00:00+00:00
09/27/2026 23:00:00,09/28/2026 04:00:00,SWPW,30.6019,25.0009,15.8494,7.3343,0.0,0.0,0.0,2026-09-28 04:00:00+00:00
09/28/2026 00:00:00,09/28/2026 05:00:00,SWPW,21.8047,25.6645,7.6192,7.3343,0.0,0.0,0.0,2026-09-28 05:00:00+00:00
09/28/2026 01:00:00,09/28/2026 06:00:00,SWPW,22.0283,25.5892,22.027,21.7421,0.0,0.0,0.0,2026-09-28 06:00:00+00:00
09/28/2026 02:00:00,09/28/2026 07:00:00,SWPW,22.3646,24.3576,7.6192,7.3343,4.3638,0.0,0.0,2026-09-28 07:00:00+00:00
09/28/2026 03:00:00,09/28/2026 08:00:00,SWPW,23.1495,18.0011,7.6192,7.3343,5.1486,0.0,0.0,2026-09-28 08:00:00+00:00
09/28/2026 04:00:00,09/28/2026 09:00:00,SWPW,16.9449,18.0009,7.6192,7.3343,0.0,0.0,0.0,2026-09-28 09:00:00+00:00
09/28/2026 05:00:00,09/28/2026 10:00:00,SWPW,18.8449,18.0009,7.6192,7.3343,3.5672,0.0,0.0,2026-09-28 10:00:00+00:00
09/28/2026 06:00:00,09/28/2026 11:00:00,SWPW,25.0165,18.001,13.1794,7.3343,9.2958,0.0,6.2246,2026-09-28 11:00:00+00:00
09/28/2026 07:00:00,09/28/2026 12:00:00,SWPW,28.0671,18.0006,16.0393,7.3343,12.3413,0.0,6.791,2026-09-28 12:00:00+00:00
09/28/2026 08:00:00,09/28/2026 13:00:00,SWPW,19.6216,0.3973,19.2249,6.75,19.2248,0.0,0.0,2026-09-28 13:00:00+00:00
09/28/2026 09:00:00,09/28/2026 14:00:00,SWPW,24.001,18.0014,16.0105,7.3343,0.0,0.0,0.0,2026-09-28 14:00:00+00:00
09/28/2026 10:00:00,09/28/2026 15:00:00,SWPW,31.6269,24.0017,17.4365,7.3343,8.4558,0.0,0.0,2026-09-28 15:00:00+00:00
09/28/2026 11:00:00,09/28/2026 16:00:00,SWPW,22.5088,25.0015,8.2521,7.3343,4.5084,0.0,0.0,2026-09-28 16:00:00+00:00
09/28/2026 12:00:00,09/28/2026 17:00:00,SWPW,26.929,25.0013,12.7545,7.3343,8.9282,0.0,0.0,2026-09-28 17:00:00+00:00
09/28/2026 13:00:00,09/28/2026 18:00:00,SWPW,21.1571,25.6527,7.6192,7.3343,3.156,0.0,0.0,2026-09-28 18:00:00+00:00
09/28/2026 14:00:00,09/28/2026 19:00:00,SWPW,30.6878,25.0011,16.2147,7.3343,12.6862,0.0,0.0,2026-09-28 19:00:00+00:00
09/28/2026 15:00:00,09/28/2026 20:00:00,SWPW,34.98,25.0013,20.4404,7.3343,16.978,0.0,6.791,2026-09-28 20:00:00+00:00
09/28/2026 16:00:00,09/28/2026 21:00:00,SWPW,46.2725,32.3645,24.6664,7.3343,21.2709,0.0,8.8155,2026-09-28 21:00:00+00:00
09/28/2026 17:00:00,09/28/2026 22:00:00,SWPW,39.2366,25.793,17.4972,7.3343,8.4972,0.0,0.0,2026-09-28 22:00:00+00:00
09/28/2026 18:00:00,09/28/2026 23:00:00,SWPW,30.5238,18.0019,24.5046,7.3343,21.522,0.0,6.791,2026-09-28 23:00:00+00:00
09/28/2026 19:00:00,09/29/2026 00:00:00,SWPW,45.6584,18.0019,39.8322,7.3343,67.0,0.0,10.3223,2026-09-29 00:00:00+00:00
09/28/2026 20:00:00,09/29/2026 01:00:00,SWPW,35.3502,18.0013,34.6632,7.3343,26.348,0.0,6.791,2026-09-29 01:00:00+00:00
09/28/2026 21:00:00,09/29/2026 02:00:00,SWPW,22.9056,18.0007,22.904,7.3343,13.904,0.0,0.0,2026-09-29 02:00:00+00:00
09/28/2026 22:00:00,09/29/2026 03:00:00,SWPW,14.9928,18.0007,14.9914,7.3343,0.0,0.0,0.0,2026-09-29 03:00:00+00:00
09/28/2026 23:00:00,09/29/2026 04:00:00,SWPW,25.1785,18.0009,14.9914,7.3343,0.0,0.0,0.0,2026-09-29 04:00:00+00:00
09/29/2026 00:00:00,09/29/2026 05:00:00,SWPW,29.1025,34.0011,13.4655,7.3343,0.0,0.0,0.0,2026-09-29 05:00:00+00:00
09/29/2026 01:00:00,09/29/2026 06:00:00,SWPW,30.0013,23.55,15.758,7.3343,0.0,0.0,0.0,2026-09-29 06:00:00+00:00
09/29/2026 02:00:00,09/29/2026 07:00:00,SWPW,30.0786,25.0009,13.0778,7.2444,12.0778,0.0,0.0,2026-09-29 07:00:00+00:00
09/29/2026 03:00:00,09/29/2026 08:00:00,SWPW,30.8406,18.0011,13.8396,7.2444,12.8396,0.0,0.0,2026-09-29 08:00:00+00:00
09/29/2026 04:00:00,09/29/2026 09:00:00,SWPW,24.0007,24.0009,7.4388,7.154,0.0,0.0,0.0,2026-09-29 09:00:00+00:00
09/29/2026 05:00:00,09/29/2026 10:00:00,SWPW,25.0005,18.0009,7.4067,7.1218,0.8153,0.0,0.0,2026-09-29 10:00:00+00:00
09/29/2026 06:00:00,09/29/2026 11:00:00,SWPW,31.7083,18.001,8.2077,7.2444,6.7077,0.0,6.7077,2026-09-29 11:00:00+00:00
09/29/2026 07:00:00,09/29/2026 12:00:00,SWPW,34.5148,18.0006,11.2879,7.2444,9.5139,0.0,6.7077,2026-09-29 12:00:00+00:00
09/29/2026 08:00:00,09/29/2026 13:00:00,SWPW,41.0487,18.0012,17.5482,7.2444,16.0482,0.0,0.0,2026-09-29 13:00:00+00:00
09/29/2026 09:00:00,09/29/2026 14:00:00,SWPW,32.9841,18.0014,12.166,7.2444,9.2438,0.0,0.0,2026-09-29 14:00:00+00:00
09/29/2026 10:00:00,09/29/2026 15:00:00,SWPW,38.9331,22.0017,20.3527,7.2444,16.9322,0.0,0.0,2026-09-29 15:00:00+00:00
09/29/2026 11:00:00,09/29/2026 16:00:00,SWPW,33.7562,25.0015,16.7666,7.2444,13.7025,0.0,1.7877,2026-09-29 16:00:00+00:00
09/29/2026 12:00:00,09/29/2026 17:00:00,SWPW,32.9089,26.5021,32.9081,7.2444,14.9081,0.0,0.0,2026-09-29 17:00:00+00:00
09/29/2026 13:00:00,09/29/2026 18:00:00,SWPW,30.7225,26.2817,30.7214,7.2444,12.7214,0.0,0.0,2026-09-29 18:00:00+00:00
09/29/2026 14:00:00,09/29/2026 19:00:00,SWPW,31.3294,25.0011,31.3278,7.2444,14.8221,0.0,0.6841,2026-09-29 19:00:00+00:00
09/29/2026 15:00:00,09/29/2026 20:00:00,SWPW,36.0392,25.246,36.0372,7.2445,18.0373,0.0,4.168,2026-09-29 20:00:00+00:00
09/29/2026 16:00:00,09/29/2026 21:00:00,SWPW,37.638,43.1009,37.6365,7.2445,19.6365,0.0,6.7077,2026-09-29 21:00:00+00:00
09/29/2026 17:00:00,09/29/2026 22:00:00,SWPW,35.1848,41.4368,35.1826,7.2445,13.1826,0.0,0.0,2026-09-29 22:00:00+00:00
09/29/2026 18:00:00,09/29/2026 23:00:00,SWPW,59.5143,64.1201,59.5125,7.2445,67.0,0.0,6.7077,2026-09-29 23:00:00+00:00
09/29/2026 19:00:00,09/30/2026 00:00:00,SWPW,73.055,63.8187,73.0531,7.2445,67.0,0.0,6.7077,2026-09-30 00:00:00+00:00
09/29/2026 20:00:00,09/30/2026 01:00:00,SWPW,41.4101,27.3094,41.4079,7.2445,31.2121,0.0,6.7077,2026-09-30 01:00:00+00:00
09/29/2026 21:00:00,09/30/2026 02:00:00,SWPW,45.0255,41.816,45.0239,7.2445,23.0239,0.0,0.0,2026-09-30 02:00:00+00:00
09/29/2026 22:00:00,09/30/2026 03:00:00,SWPW,38.1477,28.1252,10.196,7.2445,0.0002,0.0,0.0,2026-09-30 03:00:00+00:00
09/29/2026 23:00:00,09/30/2026 04:00:00,SWPW,14.8094,26.3709,14.8077,7.2445,0.0,0.0,0.0,2026-09-30 04:00:00+00:00
09/30/2026 00:00:00,09/30/2026 05:00:00,SWPW,14.3148,28.5782,10.8169,6.75,0.0,0.0,0.0,2026-09-30 05:00:00+00:00
09/30/2026 01:00:00,09/30/2026 06:00:00,SWPW,9.5435,1.2036,9.3106,6.75,0.0,0.0,0.0,2026-09-30 06:00:00+00:00
09/30/2026 02:00:00,09/30/2026 07:00:00,SWPW,14.6467,3.4891,14.5192,6.75,14.5191,0.0,6.6245,2026-09-30 07:00:00+00:00
09/30/2026 03:00:00,09/30/2026 08:00:00,SWPW,38.5376,25.0011,14.5368,7.1545,13.5366,0.0,0.0,2026-09-30 08:00:00+00:00
09/30/2026 04:00:00,09/30/2026 09:00:00,SWPW,24.0009,24.0009,9.8247,7.1545,0.0002,0.0,0.0002,2026-09-30 09:00:00+00:00
09/30/2026 05:00:00,09/30/2026 10:00:00,SWPW,8.3417,1.0009,8.2149,6.75,8.2049,0.0,0.0,2026-09-30 10:00:00+00:00
09/30/2026 06:00:00,09/30/2026 11:00:00,SWPW,11.54,1.9964,11.2951,6.75,11.2851,0.0,6.6245,2026-09-30 11:00:00+00:00
09/30/2026 07:00:00,09/30/2026 12:00:00,SWPW,13.7904,2.6174,13.3674,6.75,13.3574,0.0,6.6245,2026-09-30 12:00:00+00:00
09/30/2026 08:00:00,09/30/2026 13:00:00,SWPW,27.8934,3.7771,27.8593,6.75,27.8493,0.0,6.6245,2026-09-30 13:00:00+00:00
09/30/2026 09:00:00,09/30/2026 14:00:00,SWPW,33.5265,23.0014,29.6563,7.1545,10.5255,0.0,0.0,2026-09-30 14:00:00+00:00
09/30/2026 10:00:00,09/30/2026 15:00:00,SWPW,35.3816,25.0017,35.3808,7.1545,13.3808,0.0,0.0,2026-09-30 15:00:00+00:00
09/30/2026 11:00:00,09/30/2026 16:00:00,SWPW,27.2934,25.0015,18.293,7.1545,9.293,0.0,0.0,2026-09-30 16:00:00+00:00
09/30/2026 12:00:00,09/30/2026 17:00:00,SWPW,29.6089,25.4343,29.608,7.1545,11.6081,0.0,0.0,2026-09-30 17:00:00+00:00
09/30/2026 13:00:00,09/30/2026 18:00:00,SWPW,26.8261,27.2758,26.825,7.1545,8.825,0.0,0.0,2026-09-30 18:00:00+00:00
09/30/2026 14:00:00,09/30/2026 19:00:00,SWPW,22.484,26.9396,22.4824,7.1545,4.4824,0.0,0.0,2026-09-30 19:00:00+00:00
09/30/2026 15:00:00,09/30/2026 20:00:00,SWPW,24.1864,26.2867,24.1845,7.1545,6.1845,0.0,0.0,2026-09-30 20:00:00+00:00
09/30/2026 16:00:00,09/30/2026 21:00:00,SWPW,25.8845,26.128,25.8829,7.1545,7.883,0.0,3.2348,2026-09-30 21:00:00+00:00
09/30/2026 17:00:00,09/30/2026 22:00:00,SWPW,31.9699,25.4578,31.9677,7.1545,13.9677,0.0,0.0,2026-09-30 22:00:00+00:00
09/30/2026 18:00:00,09/30/2026 23:00:00,SWPW,41.4526,26.1581,32.451,7.1545,23.4509,0.0,6.6245,2026-09-30 23:00:00+00:00
09/30/2026 19:00:00,10/01/2026 00:00:00,SWPW,55.5629,26.4059,55.561,7.1545,67.0,0.0,7.4693,2026-10-01 00:00:00+00:00
09/30/2026 20:00:00,10/01/2026 01:00:00,SWPW,47.0226,25.0013,38.0226,7.1545,27.9534,0.0,6.6245,2026-10-01 01:00:00+00:00
09/30/2026 21:00:00,10/01/2026 02:00:00,SWPW,35.5055,25.2621,35.5039,7.1545,16.2259,0.0,0.0,2026-10-01 02:00:00+00:00
09/30/2026 22:00:00,10/01/2026 03:00:00,SWPW,37.1119,24.8082,10.0694,7.1545,0.0002,0.0,0.0,2026-10-01 03:00:00+00:00
09/30/2026 23:00:00,10/01/2026 04:00:00,SWPW,22.8447,18.0009,13.8447,7.1545,0.0,0.0,0.0,2026-10-01 04:00:00+00:00
10/01/2026 00:00:00,10/01/2026 05:00:00,SWPW,21.1082,30.0011,12.118,7.1545,0.0,0.0,0.0,2026-10-01 05:00:00+00:00
